,성별,확진자 수,사망자 수,날짜,날짜_dt
0,여성,16675658,17453.0,2023-04-20,2023-04-20
1,남성,14364205,16948.0,2023-04-20,2023-04-20
2,여성,16667568,17448.0,2023-04-19,2023-04-19
3,남성,14358201,16944.0,2023-04-19,2023-04-19
4,여성,16658217,17446.0,2023-04-18,2023-04-18
5,남성,14351044,16940.0,2023-04-18,2023-04-18
6,여성,16649767,17441.0,2023-04-17,2023-04-17
7,남성,14344321,16935.0,2023-04-17,2023-04-17
8,여성,16641294,17437.0,2023-04-15,2023-04-15
9,남성,14337660,16931.0,2023-04-15,2023-04-15
10,여성,16634861,17437.0,2023-04-14,2023-04-14
11,남성,14332831,16929.0,2023-04-14,2023-04-14
12,여성,16628154,17434.0,2023-04-13,2023-04-13
13,남성,14327872,16927.0,2023-04-13,2023-04-13
14,여성,16621444,17432.0,2023-04-12,2023-04-12
15,남성,14322986,16924.0,2023-04-12,2023-04-12
16,여성,16613379,17426.0,2023-04-11,2023-04-11
17,남성,14317125,16916.0,2023-04-11,2023-04-11
18,여성,16606292,17423.0,2023-04-10,2023-04-10
19,남성,14311768,16909.0,2023-04-10,2023-04-10
20,여성,16598567,17419.0,2023-04-08,2023-04-08
21,남성,14305935,16903.0,2023-04-08,2023-04-08
22,여성,16592733,17417.0,2023-04-07,2023-04-07
23,남성,14301826,16901.0,2023-04-07,2023-04-07
24,여성,16586566,17415.0,2023-04-06,2023-04-06
25,남성,14297258,16894.0,2023-04-06,2023-04-06
26,여성,16579675,17408.0,2023-04-05,2023-04-05
27,남성,14292065,16888.0,2023-04-05,2023-04-05
28,여성,16571458,17405.0,2023-04-04,2023-04-04
29,남성,14285817,16884.0,2023-04-04,2023-04-04
30,여성,16563894,17401.0,2023-04-03,2023-04-03
31,남성,14280006,16880.0,2023-04-03,2023-04-03
32,여성,16555949,17394.0,2023-04-01,2023-04-01
33,남성,14273878,16876.0,2023-04-01,2023-04-01
34,여성,16550372,17391.0,2023-03-31,2023-03-31
35,남성,14269758,16874.0,2023-03-31,2023-03-31
36,여성,16544455,17384.0,2023-03-30,2023-03-30
37,남성,14265307,16871.0,2023-03-30,2023-03-30
38,여성,16538049,17380.0,2023-03-29,2023-03-29
39,남성,14260674,16865.0,2023-03-29,2023-03-29
40,여성,16530598,17369.0,2023-03-28,2023-03-28
41,남성,14254991,16862.0,2023-03-28,2023-03-28
42,여성,16523860,17365.0,2023-03-27,2023-03-27
43,남성,14249600,16858.0,2023-03-27,2023-03-27
44,여성,16516201,17361.0,2023-03-25,2023-03-25
45,남성,14243694,16856.0,2023-03-25,2023-03-25
46,여성,16510392,17358.0,2023-03-24,2023-03-24
47,남성,14239348,16853.0,2023-03-24,2023-03-24
48,여성,16504636,17350.0,2023-03-23,2023-03-23
49,남성,14234821,16851.0,2023-03-23,2023-03-23
50,여성,16498298,17344.0,2023-03-22,2023-03-22
51,남성,14229759,16843.0,2023-03-22,2023-03-22
52,여성,16490964,17341.0,2023-03-21,2023-03-21
53,남성,14224012,16837.0,2023-03-21,2023-03-21
54,여성,16484399,17336.0,2023-03-20,2023-03-20
55,남성,14218561,16835.0,2023-03-20,2023-03-20
56,여성,16482227,0.0,2023-03-20,2023-03-20
57,남성,14216803,0.0,2023-03-20,2023-03-20
58,여성,16477251,17329.0,2023-03-18,2023-03-18
59,남성,14212972,16830.0,2023-03-18,2023-03-18
60,여성,16472168,17327.0,2023-03-17,2023-03-17
61,남성,14209060,16828.0,2023-03-17,2023-03-17
62,여성,16467065,17326.0,2023-03-16,2023-03-16
63,남성,14205098,16822.0,2023-03-16,2023-03-16
64,여성,16461479,17320.0,2023-03-15,2023-03-15
65,남성,14200750,16811.0,2023-03-15,2023-03-15
66,여성,16454863,17316.0,2023-03-14,2023-03-14
67,남성,14195467,16805.0,2023-03-14,2023-03-14
68,여성,16448579,17311.0,2023-03-13,2023-03-13
69,남성,14190350,16804.0,2023-03-13,2023-03-13
70,여성,16446302,0.0,2023-03-13,2023-03-13
71,남성,14188429,0.0,2023-03-13,2023-03-13
72,여성,16441034,17304.0,2023-03-11,2023-03-11
73,남성,14184355,16792.0,2023-03-11,2023-03-11
74,여성,16435596,17301.0,2023-03-10,2023-03-10
75,남성,14179926,16792.0,2023-03-10,2023-03-10
76,여성,16429804,17298.0,2023-03-09,2023-03-09
77,남성,14175383,16783.0,2023-03-09,2023-03-09
78,여성,16423663,17290.0,2023-03-08,2023-03-08
79,남성,14170634,16771.0,2023-03-08,2023-03-08
80,여성,16416552,17284.0,2023-03-07,2023-03-07
81,남성,14164947,16765.0,2023-03-07,2023-03-07
82,여성,16409789,17280.0,2023-03-06,2023-03-06
83,남성,14159426,16754.0,2023-03-06,2023-03-06
84,여성,16401951,17275.0,2023-03-04,2023-03-04
85,남성,14153151,16745.0,2023-03-04,2023-03-04
86,여성,16395694,17272.0,2023-03-03,2023-03-03
87,남성,14148287,16742.0,2023-03-03,2023-03-03
88,여성,16389821,17267.0,2023-03-02,2023-03-02
89,남성,14143752,16736.0,2023-03-02,2023-03-02
90,여성,16385549,17256.0,2023-03-01,2023-03-01
91,남성,14140463,16732.0,2023-03-01,2023-03-01
92,여성,16378614,17251.0,2023-02-28,2023-02-28
93,남성,14135107,16726.0,2023-02-28,2023-02-28
94,여성,16372637,17245.0,2023-02-27,2023-02-27
95,남성,14130267,16716.0,2023-02-27,2023-02-27
96,여성,16365194,17237.0,2023-02-25,2023-02-25
97,남성,14124472,16703.0,2023-02-25,2023-02-25
98,여성,16359564,17231.0,2023-02-24,2023-02-24
99,남성,14120189,16698.0,2023-02-24,2023-02-24
100,여성,16353892,17219.0,2023-02-23,2023-02-23
101,남성,14115810,16690.0,2023-02-23,2023-02-23
102,여성,16347723,17204.0,2023-02-22,2023-02-22
103,남성,14111134,16683.0,2023-02-22,2023-02-22
104,여성,16340437,17195.0,2023-02-21,2023-02-21
105,남성,14105338,16678.0,2023-02-21,2023-02-21
106,여성,16333898,17192.0,2023-02-20,2023-02-20
107,남성,14099997,16673.0,2023-02-20,2023-02-20
108,여성,16331588,17187.0,2023-02-19,2023-02-19
109,남성,14097983,16669.0,2023-02-19,2023-02-19
110,여성,16325837,17181.0,2023-02-18,2023-02-18
111,남성,14093460,16663.0,2023-02-18,2023-02-18
112,여성,16319849,17176.0,2023-02-17,2023-02-17
113,남성,14088807,16656.0,2023-02-17,2023-02-17
114,여성,16313419,17163.0,2023-02-16,2023-02-16
115,남성,14083801,16641.0,2023-02-16,2023-02-16
116,여성,16306315,17153.0,2023-02-15,2023-02-15
117,남성,14078386,16629.0,2023-02-15,2023-02-15
118,여성,16297984,17146.0,2023-02-14,2023-02-14
119,남성,14071760,16612.0,2023-02-14,2023-02-14
120,여성,16290170,17143.0,2023-02-13,2023-02-13
121,남성,14065203,16604.0,2023-02-13,2023-02-13
122,여성,16287419,17137.0,2023-02-12,2023-02-12
123,남성,14062780,16599.0,2023-02-12,2023-02-12
124,여성,16280659,17124.0,2023-02-11,2023-02-11
125,남성,14057489,16589.0,2023-02-11,2023-02-11
126,여성,16273548,17121.0,2023-02-10,2023-02-10
127,남성,14051935,16576.0,2023-02-10,2023-02-10
128,여성,16266061,17114.0,2023-02-09,2023-02-09
129,남성,14045918,16566.0,2023-02-09,2023-02-09
130,여성,16257844,17099.0,2023-02-08,2023-02-08
131,남성,14039471,16547.0,2023-02-08,2023-02-08
132,여성,16248006,17090.0,2023-02-07,2023-02-07
133,남성,14031375,16534.0,2023-02-07,2023-02-07
134,여성,16239325,17085.0,2023-02-06,2023-02-06
135,남성,14023936,16529.0,2023-02-06,2023-02-06
136,여성,16236218,17080.0,2023-02-05,2023-02-05
137,남성,14021193,16516.0,2023-02-05,2023-02-05
138,여성,16228431,17072.0,2023-02-04,2023-02-04
139,남성,14014962,16502.0,2023-02-04,2023-02-04
140,여성,16220564,17061.0,2023-02-03,2023-02-03
141,남성,14008325,16491.0,2023-02-03,2023-02-03
142,여성,16212356,17048.0,2023-02-02,2023-02-02
143,남성,14001572,16474.0,2023-02-02,2023-02-02
144,여성,16203195,17031.0,2023-02-01,2023-02-01
145,남성,13993871,16455.0,2023-02-01,2023-02-01
146,여성,16192149,17014.0,2023-01-31,2023-01-31
147,남성,13984497,16430.0,2023-01-31,2023-01-31
148,여성,16181686,17004.0,2023-01-30,2023-01-30
149,남성,13975331,16416.0,2023-01-30,2023-01-30
150,여성,16177750,16990.0,2023-01-29,2023-01-29
151,남성,13971851,16400.0,2023-01-29,2023-01-29
152,여성,16167225,16981.0,2023-01-28,2023-01-28
153,남성,13963505,16380.0,2023-01-28,2023-01-28
154,여성,16154143,16967.0,2023-01-27,2023-01-27
155,남성,13953220,16365.0,2023-01-27,2023-01-27
156,여성,16136454,16947.0,2023-01-26,2023-01-26
157,남성,13939198,16349.0,2023-01-26,2023-01-26
158,여성,16116805,16939.0,2023-01-25,2023-01-25
159,남성,13923751,16331.0,2023-01-25,2023-01-25
160,여성,16105947,16927.0,2023-01-24,2023-01-24
161,남성,13915071,16318.0,2023-01-24,2023-01-24
162,여성,16099372,16923.0,2023-01-23,2023-01-23
163,남성,13909384,16312.0,2023-01-23,2023-01-23
164,여성,16094557,16910.0,2023-01-22,2023-01-22
165,남성,13904972,16299.0,2023-01-22,2023-01-22
166,여성,16085393,16900.0,2023-01-21,2023-01-21
167,남성,13897512,16285.0,2023-01-21,2023-01-21
168,여성,16069844,16873.0,2023-01-20,2023-01-20
169,남성,13885522,16261.0,2023-01-20,2023-01-20
170,여성,16054424,16855.0,2023-01-19,2023-01-19
171,남성,13873534,16249.0,2023-01-19,2023-01-19
172,여성,16037751,16840.0,2023-01-18,2023-01-18
173,남성,13860391,16217.0,2023-01-18,2023-01-18
174,여성,16017046,16824.0,2023-01-17,2023-01-17
175,남성,13844188,16190.0,2023-01-17,2023-01-17
176,여성,15994771,16813.0,2023-01-16,2023-01-16
177,남성,13826264,16171.0,2023-01-16,2023-01-16
178,여성,15987072,16795.0,2023-01-15,2023-01-15
179,남성,13819819,16154.0,2023-01-15,2023-01-15
180,여성,15968727,16781.0,2023-01-14,2023-01-14
181,남성,13805594,16131.0,2023-01-14,2023-01-14
182,여성,15968727,16781.0,2023-01-14,2023-01-14
183,남성,13805594,16131.0,2023-01-14,2023-01-14
184,여성,15948584,16764.0,2023-01-13,2023-01-13
185,남성,13789185,16103.0,2023-01-13,2023-01-13
186,여성,15926351,16739.0,2023-01-12,2023-01-12
187,남성,13771692,16082.0,2023-01-12,2023-01-12
188,여성,15901770,16703.0,2023-01-11,2023-01-11
189,남성,13752320,16042.0,2023-01-11,2023-01-11
190,여성,15871678,16655.0,2023-01-10,2023-01-10
191,남성,13728069,16014.0,2023-01-10,2023-01-10
192,여성,15838740,16632.0,2023-01-09,2023-01-09
193,남성,13700966,15993.0,2023-01-09,2023-01-09
194,여성,15828599,16616.0,2023-01-08,2023-01-08
195,남성,13692001,15974.0,2023-01-08,2023-01-08
196,여성,15802574,16594.0,2023-01-07,2023-01-07
197,남성,13671260,15962.0,2023-01-07,2023-01-07
198,여성,15772525,16562.0,2023-01-06,2023-01-06
199,남성,13647701,15934.0,2023-01-06,2023-01-06
200,여성,15740498,16534.0,2023-01-05,2023-01-05
201,남성,13622774,15887.0,2023-01-05,2023-01-05
202,여성,15704548,16504.0,2023-01-04,2023-01-04
203,남성,13594618,15851.0,2023-01-04,2023-01-04
204,여성,15660950,16472.0,2023-01-03,2023-01-03
205,남성,13559641,15829.0,2023-01-03,2023-01-03
206,여성,15616511,16456.0,2023-01-02,2023-01-02
207,남성,13523024,15816.0,2023-01-02,2023-01-02
208,여성,15604371,16428.0,2023-01-01,2023-01-01
209,남성,13512429,15791.0,2023-01-01,2023-01-01
210,여성,15572296,16397.0,2022-12-31,2022-12-31
211,남성,13486977,15759.0,2022-12-31,2022-12-31
212,여성,15536838,16364.0,2022-12-30,2022-12-30
213,남성,13459509,15731.0,2022-12-30,2022-12-30
214,여성,15499865,16342.0,2022-12-29,2022-12-29
215,남성,13431275,15685.0,2022-12-29,2022-12-29
216,여성,15459709,16304.0,2022-12-28,2022-12-28
217,남성,13400004,15647.0,2022-12-28,2022-12-28
218,여성,15410586,16271.0,2022-12-27,2022-12-27
219,남성,13361610,15611.0,2022-12-27,2022-12-27
220,여성,15362320,16254.0,2022-12-26,2022-12-26
221,남성,13322280,15578.0,2022-12-26,2022-12-26
222,여성,15348613,16236.0,2022-12-25,2022-12-25
223,남성,13310442,15554.0,2022-12-25,2022-12-25
224,여성,15316094,16210.0,2022-12-24,2022-12-24
225,남성,13284513,15534.0,2022-12-24,2022-12-24
226,여성,15279131,16179.0,2022-12-23,2022-12-23
227,남성,13255427,15495.0,2022-12-23,2022-12-23
228,여성,15241342,16149.0,2022-12-22,2022-12-22
229,남성,13225048,15462.0,2022-12-22,2022-12-22
230,여성,15199489,16119.0,2022-12-21,2022-12-21
231,남성,13191157,15430.0,2022-12-21,2022-12-21
232,여성,15150811,16086.0,2022-12-20,2022-12-20
233,남성,13151663,15404.0,2022-12-20,2022-12-20
234,여성,15103457,16058.0,2022-12-19,2022-12-19
235,남성,13111458,15376.0,2022-12-19,2022-12-19
236,여성,15089268,16044.0,2022-12-18,2022-12-18
237,남성,13099025,15351.0,2022-12-18,2022-12-18
238,여성,15056390,16023.0,2022-12-17,2022-12-17
239,남성,13073041,15330.0,2022-12-17,2022-12-17
240,여성,15019433,15992.0,2022-12-16,2022-12-16
241,남성,13043246,15306.0,2022-12-16,2022-12-16
242,여성,14981904,15955.0,2022-12-15,2022-12-15
243,남성,13013822,15277.0,2022-12-15,2022-12-15
244,여성,14942710,15932.0,2022-12-14,2022-12-14
245,남성,12982862,15242.0,2022-12-14,2022-12-14
246,여성,14895812,15905.0,2022-12-13,2022-12-13
247,남성,12945189,15223.0,2022-12-13,2022-12-13
248,여성,14848418,15890.0,2022-12-12,2022-12-12
249,남성,12905731,15209.0,2022-12-12,2022-12-12
250,여성,14834568,15872.0,2022-12-11,2022-12-11
251,남성,12893914,15197.0,2022-12-11,2022-12-11
252,여성,14804058,15852.0,2022-12-10,2022-12-10
253,남성,12870105,15177.0,2022-12-10,2022-12-10
254,여성,14769321,15826.0,2022-12-09,2022-12-09
255,남성,12842234,15149.0,2022-12-09,2022-12-09
256,여성,14734365,15794.0,2022-12-08,2022-12-08
257,남성,12814456,15114.0,2022-12-08,2022-12-08
258,여성,14698254,15767.0,2022-12-07,2022-12-07
259,남성,12785314,15080.0,2022-12-07,2022-12-07
260,여성,14656955,15734.0,2022-12-06,2022-12-06
261,남성,12751899,15059.0,2022-12-06,2022-12-06
262,여성,14614993,15724.0,2022-12-05,2022-12-05
263,남성,12716257,15045.0,2022-12-05,2022-12-05
264,여성,14602366,15706.0,2022-12-04,2022-12-04
265,남성,12705724,15023.0,2022-12-04,2022-12-04
266,여성,14576181,15685.0,2022-12-03,2022-12-03
267,남성,12685345,14984.0,2022-12-03,2022-12-03
268,여성,14546798,15666.0,2022-12-02,2022-12-02
269,남성,12662002,14955.0,2022-12-02,2022-12-02
270,여성,14517102,15638.0,2022-12-01,2022-12-01
271,남성,12638711,14930.0,2022-12-01,2022-12-01
272,여성,14484987,15605.0,2022-11-30,2022-11-30
273,남성,12613747,14901.0,2022-11-30,2022-11-30
274,여성,14447400,15581.0,2022-11-29,2022-11-29
275,남성,12583919,14873.0,2022-11-29,2022-11-29
276,여성,14407756,15560.0,2022-11-28,2022-11-28
277,남성,12552087,14853.0,2022-11-28,2022-11-28
278,여성,14395689,15537.0,2022-11-27,2022-11-27
279,남성,12541827,14832.0,2022-11-27,2022-11-27
280,여성,14369626,15516.0,2022-11-26,2022-11-26
281,남성,12520862,14814.0,2022-11-26,2022-11-26
282,여성,14340045,15483.0,2022-11-25,2022-11-25
283,남성,12497795,14795.0,2022-11-25,2022-11-25
284,여성,14309855,15456.0,2022-11-24,2022-11-24
285,남성,12474287,14767.0,2022-11-24,2022-11-24
286,여성,14276716,15426.0,2022-11-23,2022-11-23
287,남성,12448337,14738.0,2022-11-23,2022-11-23
288,여성,14237515,15395.0,2022-11-22,2022-11-22
289,남성,12417214,14716.0,2022-11-22,2022-11-22
290,여성,14196833,15371.0,2022-11-21,2022-11-21
291,남성,12385023,14695.0,2022-11-21,2022-11-21
292,여성,14184296,15350.0,2022-11-20,2022-11-20
293,남성,12374469,14681.0,2022-11-20,2022-11-20
294,여성,14158467,15329.0,2022-11-19,2022-11-19
295,남성,12354287,14661.0,2022-11-19,2022-11-19
296,여성,14130116,15293.0,2022-11-18,2022-11-18
297,남성,12332203,14632.0,2022-11-18,2022-11-18
298,여성,14102217,15257.0,2022-11-17,2022-11-17
299,남성,12310684,14605.0,2022-11-17,2022-11-17
300,여성,14070794,15220.0,2022-11-16,2022-11-16
301,남성,12286670,14575.0,2022-11-16,2022-11-16
302,여성,14033249,15194.0,2022-11-15,2022-11-15
303,남성,12257628,14554.0,2022-11-15,2022-11-15
304,여성,13992715,15171.0,2022-11-14,2022-11-14
305,남성,12225279,14538.0,2022-11-14,2022-11-14
306,여성,13979655,15145.0,2022-11-13,2022-11-13
307,남성,12214574,14520.0,2022-11-13,2022-11-13
308,여성,13952482,15117.0,2022-11-12,2022-11-12
309,남성,12193282,14500.0,2022-11-12,2022-11-12
310,여성,13921806,15096.0,2022-11-11,2022-11-11
311,남성,12169733,14475.0,2022-11-11,2022-11-11
312,여성,13891487,15081.0,2022-11-10,2022-11-10
313,남성,12145533,14450.0,2022-11-10,2022-11-10
314,여성,13860226,15047.0,2022-11-09,2022-11-09
315,남성,12121429,14432.0,2022-11-09,2022-11-09
316,여성,13825208,15013.0,2022-11-08,2022-11-08
317,남성,12093975,14407.0,2022-11-08,2022-11-08
318,여성,13790766,14999.0,2022-11-07,2022-11-07
319,남성,12066144,14391.0,2022-11-07,2022-11-07
320,여성,13780523,14991.0,2022-11-06,2022-11-06
321,남성,12057716,14381.0,2022-11-06,2022-11-06
322,여성,13760015,14982.0,2022-11-05,2022-11-05
323,남성,12041549,14372.0,2022-11-05,2022-11-05
324,여성,13737129,14960.0,2022-11-04,2022-11-04
325,남성,12023572,14355.0,2022-11-04,2022-11-04
326,여성,13712681,14943.0,2022-11-03,2022-11-03
327,남성,12004596,14337.0,2022-11-03,2022-11-03
328,여성,13686059,14917.0,2022-11-02,2022-11-02
329,남성,11984348,14322.0,2022-11-02,2022-11-02
330,여성,13686059,14917.0,2022-11-02,2022-11-02
331,남성,11984348,14322.0,2022-11-02,2022-11-02
332,여성,13655110,14899.0,2022-11-01,2022-11-01
333,남성,11960557,14310.0,2022-11-01,2022-11-01
334,여성,13622571,14883.0,2022-10-31,2022-10-31
335,남성,11934738,14293.0,2022-10-31,2022-10-31
336,여성,13612532,14876.0,2022-10-31,2022-10-31
337,남성,11926267,14282.0,2022-10-31,2022-10-31
338,여성,13612532,14876.0,2022-10-30,2022-10-30
339,남성,11926267,14282.0,2022-10-30,2022-10-30
340,여성,13593229,14862.0,2022-10-29,2022-10-29
341,남성,11911059,14269.0,2022-10-29,2022-10-29
342,여성,13572297,14847.0,2022-10-28,2022-10-28
343,남성,11894695,14253.0,2022-10-28,2022-10-28
344,여성,13551868,14833.0,2022-10-27,2022-10-27
345,남성,11879237,14236.0,2022-10-27,2022-10-27
346,여성,13532034,14820.0,2022-10-26,2022-10-26
347,남성,11864121,14223.0,2022-10-26,2022-10-26
348,여성,13508952,14807.0,2022-10-25,2022-10-25
349,남성,11846398,14210.0,2022-10-25,2022-10-25
350,여성,13484515,14803.0,2022-10-24,2022-10-24
351,남성,11827121,14197.0,2022-10-24,2022-10-24
352,여성,13476722,14799.0,2022-10-23,2022-10-23
353,남성,11820612,14191.0,2022-10-23,2022-10-23
354,여성,13462106,14793.0,2022-10-22,2022-10-22
355,남성,11808972,14181.0,2022-10-22,2022-10-22
356,여성,13446979,14780.0,2022-10-21,2022-10-21
357,남성,11797276,14172.0,2022-10-21,2022-10-21
358,여성,13433044,14768.0,2022-10-20,2022-10-20
359,남성,11786502,14154.0,2022-10-20,2022-10-20
360,여성,13418704,14755.0,2022-10-19,2022-10-19
361,남성,11775473,14144.0,2022-10-19,2022-10-19
362,여성,13402367,14735.0,2022-10-18,2022-10-18
363,남성,11762328,14121.0,2022-10-18,2022-10-18
364,여성,13383930,14729.0,2022-10-17,2022-10-17
365,남성,11747575,14122.0,2022-10-17,2022-10-17
366,여성,13378119,14723.0,2022-10-16,2022-10-16
367,남성,11742346,14117.0,2022-10-16,2022-10-16
368,여성,13366041,14707.0,2022-10-15,2022-10-15
369,남성,11732955,14101.0,2022-10-15,2022-10-15
370,여성,13353375,14696.0,2022-10-14,2022-10-14
371,남성,11722864,14087.0,2022-10-14,2022-10-14
372,여성,13340346,14673.0,2022-10-13,2022-10-13
373,남성,11712331,14075.0,2022-10-13,2022-10-13
374,여성,13325280,14661.0,2022-10-12,2022-10-12
375,남성,11700469,14062.0,2022-10-12,2022-10-12
376,여성,13308229,14657.0,2022-10-11,2022-10-11
377,남성,11687017,14051.0,2022-10-11,2022-10-11
378,여성,13299731,14653.0,2022-10-10,2022-10-10
379,남성,11680039,14045.0,2022-10-10,2022-10-10
380,여성,13294823,14640.0,2022-10-09,2022-10-09
381,남성,11675966,14035.0,2022-10-09,2022-10-09
382,여성,13285027,14625.0,2022-10-08,2022-10-08
383,남성,11668108,14021.0,2022-10-08,2022-10-08
384,여성,13274287,14614.0,2022-10-07,2022-10-07
385,남성,11659469,14000.0,2022-10-07,2022-10-07
386,여성,13261901,14595.0,2022-10-06,2022-10-06
387,남성,11649596,13978.0,2022-10-06,2022-10-06
388,여성,13245938,14587.0,2022-10-05,2022-10-05
389,남성,11636956,13957.0,2022-10-05,2022-10-05
390,여성,13226871,14580.0,2022-10-04,2022-10-04
391,남성,11621313,13948.0,2022-10-04,2022-10-04
392,여성,13183792,14511.0,2022-09-30,2022-09-30
393,남성,11585309,13895.0,2022-09-30,2022-09-30
394,남성,11572341,13870.0,2022-09-29,2022-09-29
395,여성,13151418,14468.0,2022-09-28,2022-09-28
396,남성,11558371,13850.0,2022-09-28,2022-09-28
397,여성,13131882,14450.0,2022-09-27,2022-09-27
398,남성,11541781,13822.0,2022-09-27,2022-09-27
399,여성,13073010,14347.0,2022-09-23,2022-09-23
400,남성,11492011,13730.0,2022-09-23,2022-09-23
401,여성,13057159,14308.0,2022-09-22,2022-09-22
402,남성,11478781,13701.0,2022-09-22,2022-09-22
403,여성,13039165,14277.0,2022-09-21,2022-09-21
404,남성,11463803,13673.0,2022-09-21,2022-09-21
405,여성,13016849,14246.0,2022-09-20,2022-09-20
406,남성,11444888,13645.0,2022-09-20,2022-09-20
407,여성,12991237,14235.0,2022-09-19,2022-09-19
408,남성,11422636,13632.0,2022-09-19,2022-09-19
409,여성,12981157,14207.0,2022-09-18,2022-09-18
410,남성,11413309,13621.0,2022-09-18,2022-09-18
411,여성,12962638,14191.0,2022-09-17,2022-09-17
412,남성,11397064,13591.0,2022-09-17,2022-09-17
413,여성,12939352,14158.0,2022-09-16,2022-09-16
414,남성,11376950,13567.0,2022-09-16,2022-09-16
415,여성,12911382,14128.0,2022-09-15,2022-09-15
416,남성,11353088,13537.0,2022-09-15,2022-09-15
417,여성,12872596,14093.0,2022-09-14,2022-09-14
418,남성,11320442,13500.0,2022-09-14,2022-09-14
419,여성,12821228,14071.0,2022-09-13,2022-09-13
420,남성,11277906,13462.0,2022-09-13,2022-09-13
421,여성,12790118,14051.0,2022-09-12,2022-09-12
422,남성,11251707,13447.0,2022-09-12,2022-09-12
423,여성,12770463,14044.0,2022-09-11,2022-09-11
424,남성,11234424,13432.0,2022-09-11,2022-09-11
425,여성,12755688,14018.0,2022-09-10,2022-09-10
426,남성,11220985,13411.0,2022-09-10,2022-09-10
427,여성,12732921,13990.0,2022-09-09,2022-09-09
428,남성,11201028,13391.0,2022-09-09,2022-09-09
429,여성,12694766,13958.0,2022-09-08,2022-09-08
430,남성,11169794,13355.0,2022-09-08,2022-09-08
431,여성,12654582,13931.0,2022-09-07,2022-09-07
432,남성,11137379,13318.0,2022-09-07,2022-09-07
433,여성,12607743,13904.0,2022-09-06,2022-09-06
434,남성,11098734,13289.0,2022-09-06,2022-09-06
435,여성,12553824,13878.0,2022-09-05,2022-09-05
436,남성,11052916,13271.0,2022-09-05,2022-09-05
437,여성,12534044,13846.0,2022-09-04,2022-09-04
438,남성,11035148,13247.0,2022-09-04,2022-09-04
439,여성,12534044,13846.0,2022-09-04,2022-09-04
440,남성,11035148,13247.0,2022-09-04,2022-09-04
441,여성,12494844,13808.0,2022-09-03,2022-09-03
442,남성,11002204,13206.0,2022-09-03,2022-09-03
443,여성,12452049,13771.0,2022-09-02,2022-09-02
444,남성,10965376,13169.0,2022-09-02,2022-09-02
445,여성,12403427,13740.0,2022-09-01,2022-09-01
446,남성,10924470,13136.0,2022-09-01,2022-09-01
447,여성,12359202,13688.0,2022-08-31,2022-08-31
448,남성,10887196,13076.0,2022-08-31,2022-08-31
449,여성,12303215,13651.0,2022-08-30,2022-08-30
450,남성,10839264,13038.0,2022-08-30,2022-08-30
451,여성,12240992,13615.0,2022-08-29,2022-08-29
452,남성,10785968,13003.0,2022-08-29,2022-08-29
453,여성,12218365,13592.0,2022-08-28,2022-08-28
454,남성,10765453,12977.0,2022-08-28,2022-08-28
455,여성,12172284,13554.0,2022-08-27,2022-08-27
456,남성,10726239,12945.0,2022-08-27,2022-08-27
457,여성,12121065,13515.0,2022-08-26,2022-08-26
458,남성,10681920,12898.0,2022-08-26,2022-08-26
459,여성,12066443,13480.0,2022-08-25,2022-08-25
460,남성,10635478,12852.0,2022-08-25,2022-08-25
461,여성,12005391,13425.0,2022-08-24,2022-08-24
462,남성,10583249,12799.0,2022-08-24,2022-08-24
463,여성,11930664,13399.0,2022-08-23,2022-08-23
464,남성,10518811,12762.0,2022-08-23,2022-08-23
465,여성,11849485,13372.0,2022-08-22,2022-08-22
466,남성,10449892,12737.0,2022-08-22,2022-08-22
467,여성,11818407,13340.0,2022-08-21,2022-08-21
468,남성,10421924,12704.0,2022-08-21,2022-08-21
469,여성,11758562,13305.0,2022-08-20,2022-08-20
470,남성,10370825,12675.0,2022-08-20,2022-08-20
471,여성,11688364,13262.0,2022-08-19,2022-08-19
472,남성,10311673,12634.0,2022-08-19,2022-08-19
473,여성,11613283,13216.0,2022-08-18,2022-08-18
474,남성,10248013,12597.0,2022-08-18,2022-08-18
475,여성,11516309,13186.0,2022-08-17,2022-08-17
476,남성,10166507,12566.0,2022-08-17,2022-08-17
477,여성,11418106,13170.0,2022-08-16,2022-08-16
478,남성,10084058,12540.0,2022-08-16,2022-08-16
479,여성,11373667,13156.0,2022-08-15,2022-08-15
480,남성,10044369,12517.0,2022-08-15,2022-08-15
481,여성,11340968,13135.0,2022-08-14,2022-08-14
482,남성,10014990,12488.0,2022-08-14,2022-08-14
483,여성,11276185,13105.0,2022-08-13,2022-08-13
484,남성,9960170,12461.0,2022-08-13,2022-08-13
485,여성,11208758,13076.0,2022-08-12,2022-08-12
486,남성,9903082,12423.0,2022-08-12,2022-08-12
487,여성,11139116,13042.0,2022-08-11,2022-08-11
488,남성,9844053,12399.0,2022-08-11,2022-08-11
489,여성,11064381,13018.0,2022-08-10,2022-08-10
490,남성,9781592,12364.0,2022-08-10,2022-08-10
491,여성,10982571,12993.0,2022-08-09,2022-08-09
492,남성,9711668,12339.0,2022-08-09,2022-08-09
493,여성,10902161,12975.0,2022-08-08,2022-08-08
494,남성,9642259,12317.0,2022-08-08,2022-08-08
495,여성,10873408,12959.0,2022-08-07,2022-08-07
496,남성,9615720,12304.0,2022-08-07,2022-08-07
497,여성,10816417,12949.0,2022-08-06,2022-08-06
498,남성,9567204,12287.0,2022-08-06,2022-08-06
499,여성,10756965,12925.0,2022-08-05,2022-08-05
500,남성,9516046,12266.0,2022-08-05,2022-08-05
501,여성,10695921,12901.0,2022-08-04,2022-08-04
502,남성,9464233,12243.0,2022-08-04,2022-08-04
503,여성,10637389,12879.0,2022-08-03,2022-08-03
504,남성,9414916,12231.0,2022-08-03,2022-08-03
505,여성,10572262,12865.0,2022-08-02,2022-08-02
506,남성,9360177,12219.0,2022-08-02,2022-08-02
507,여성,10488030,12846.0,2022-07-31,2022-07-31
508,남성,9288020,12201.0,2022-07-31,2022-07-31
509,여성,10448179,12841.0,2022-07-30,2022-07-30
510,남성,9254282,12186.0,2022-07-30,2022-07-30
511,여성,10404064,12821.0,2022-07-29,2022-07-29
512,남성,9216453,12171.0,2022-07-29,2022-07-29
513,여성,10357659,12800.0,2022-07-28,2022-07-28
514,남성,9177583,12157.0,2022-07-28,2022-07-28
515,여성,10309721,12789.0,2022-07-27,2022-07-27
516,남성,9137225,12143.0,2022-07-27,2022-07-27
517,여성,10255882,12779.0,2022-07-26,2022-07-26
518,남성,9090882,12128.0,2022-07-26,2022-07-26
519,여성,10202177,12770.0,2022-07-25,2022-07-25
520,남성,9045319,12120.0,2022-07-25,2022-07-25
521,여성,10183472,12759.0,2022-07-24,2022-07-24
522,남성,9028141,12114.0,2022-07-24,2022-07-24
523,여성,10148174,12750.0,2022-07-23,2022-07-23
524,남성,8998006,12105.0,2022-07-23,2022-07-23
525,여성,10111290,12731.0,2022-07-22,2022-07-22
526,남성,8966369,12094.0,2022-07-22,2022-07-22
527,여성,10074267,12714.0,2022-07-21,2022-07-21
528,남성,8934813,12080.0,2022-07-21,2022-07-21
529,여성,10035179,12705.0,2022-07-20,2022-07-20
530,남성,8902792,12072.0,2022-07-20,2022-07-20
531,여성,9994292,12696.0,2022-07-19,2022-07-19
532,남성,8867301,12069.0,2022-07-19,2022-07-19
533,여성,9955179,12688.0,2022-07-18,2022-07-18
534,남성,8832877,12065.0,2022-07-18,2022-07-18
535,여성,9941545,12683.0,2022-07-17,2022-07-17
536,남성,8820212,12059.0,2022-07-17,2022-07-17
537,여성,9920127,12678.0,2022-07-16,2022-07-16
538,남성,8801288,12050.0,2022-07-16,2022-07-16
539,여성,9898050,12670.0,2022-07-15,2022-07-15
540,남성,8782092,12042.0,2022-07-15,2022-07-15
541,여성,9877191,12663.0,2022-07-14,2022-07-14
542,남성,8764087,12033.0,2022-07-14,2022-07-14
543,여성,9856137,12657.0,2022-07-13,2022-07-13
544,남성,8745972,12023.0,2022-07-13,2022-07-13
545,여성,9834737,12648.0,2022-07-12,2022-07-12
546,남성,8727124,12020.0,2022-07-12,2022-07-12
547,여성,9814638,12644.0,2022-07-11,2022-07-11
548,남성,8709900,12017.0,2022-07-11,2022-07-11
549,여성,9808044,12632.0,2022-07-10,2022-07-10
550,남성,8703801,12011.0,2022-07-10,2022-07-10
551,여성,9797149,12620.0,2022-07-09,2022-07-09
552,남성,8694286,12004.0,2022-07-09,2022-07-09
553,여성,9786457,12610.0,2022-07-08,2022-07-08
554,남성,8684715,11995.0,2022-07-08,2022-07-08
555,여성,9776209,12603.0,2022-07-07,2022-07-07
556,남성,8675653,11990.0,2022-07-07,2022-07-07
557,여성,9766347,12598.0,2022-07-06,2022-07-06
558,남성,8667012,11985.0,2022-07-06,2022-07-06
559,여성,9756159,12596.0,2022-07-05,2022-07-05
560,남성,8657838,11980.0,2022-07-05,2022-07-05
561,여성,9746453,12595.0,2022-07-04,2022-07-04
562,남성,8649411,11979.0,2022-07-04,2022-07-04
563,여성,9743238,12593.0,2022-07-03,2022-07-03
564,남성,8646373,11977.0,2022-07-03,2022-07-03
565,여성,9732168,12588.0,2022-07-01,2022-07-01
566,남성,8636689,11967.0,2022-07-01,2022-07-01
567,여성,9726926,12586.0,2022-06-30,2022-06-30
568,남성,8632415,11961.0,2022-06-30,2022-06-30
569,여성,9721735,12581.0,2022-06-29,2022-06-29
570,남성,8628021,11956.0,2022-06-29,2022-06-29
571,여성,9716306,12578.0,2022-06-28,2022-06-28
572,남성,8623013,11952.0,2022-06-28,2022-06-28
573,여성,9711135,12575.0,2022-06-27,2022-06-27
574,남성,8618313,11950.0,2022-06-27,2022-06-27
575,여성,9709463,12574.0,2022-06-26,2022-06-26
576,남성,8616556,11948.0,2022-06-26,2022-06-26
577,여성,9706193,12571.0,2022-06-25,2022-06-25
578,남성,8613580,11945.0,2022-06-25,2022-06-25
579,여성,9702601,12564.0,2022-06-24,2022-06-24
580,남성,8610392,11934.0,2022-06-24,2022-06-24
581,여성,9698867,12559.0,2022-06-23,2022-06-23
582,남성,8606916,11929.0,2022-06-23,2022-06-23
583,여성,9694902,12551.0,2022-06-22,2022-06-22
584,남성,8603439,11923.0,2022-06-22,2022-06-22
585,여성,9690253,12547.0,2022-06-21,2022-06-21
586,남성,8599120,11916.0,2022-06-21,2022-06-21
587,여성,9685509,12541.0,2022-06-20,2022-06-20
588,남성,8594581,11910.0,2022-06-20,2022-06-20
589,여성,9683754,12535.0,2022-06-19,2022-06-19
590,남성,8592798,11906.0,2022-06-19,2022-06-19
591,여성,9680657,12528.0,2022-06-18,2022-06-18
592,남성,8589824,11899.0,2022-06-18,2022-06-18
593,여성,9677099,12522.0,2022-06-17,2022-06-17
594,남성,8586544,11894.0,2022-06-17,2022-06-17
595,여성,9673448,12519.0,2022-06-16,2022-06-16
596,남성,8583009,11888.0,2022-06-16,2022-06-16
597,여성,9669468,12514.0,2022-06-15,2022-06-15
598,남성,8579011,11885.0,2022-06-15,2022-06-15
599,여성,9664724,12508.0,2022-06-14,2022-06-14
600,남성,8574332,11882.0,2022-06-14,2022-06-14
601,여성,9659839,12508.0,2022-06-13,2022-06-13
602,남성,8569449,11880.0,2022-06-13,2022-06-13
603,여성,9657968,12502.0,2022-06-12,2022-06-12
604,남성,8567492,11869.0,2022-06-12,2022-06-12
605,여성,9654169,12495.0,2022-06-11,2022-06-11
606,남성,8563909,11856.0,2022-06-11,2022-06-11
607,여성,9649806,12489.0,2022-06-10,2022-06-10
608,남성,8559844,11852.0,2022-06-10,2022-06-10
609,여성,9645019,12484.0,2022-06-09,2022-06-09
610,남성,8555327,11839.0,2022-06-09,2022-06-09
611,여성,9638973,12474.0,2022-06-08,2022-06-08
612,남성,8549227,11831.0,2022-06-08,2022-06-08
613,여성,9632033,12472.0,2022-06-07,2022-06-07
614,남성,8542847,11827.0,2022-06-07,2022-06-07
615,여성,9628946,12461.0,2022-06-06,2022-06-06
616,남성,8539762,11818.0,2022-06-06,2022-06-06
617,여성,9626465,12447.0,2022-06-05,2022-06-05
618,남성,8537221,11811.0,2022-06-05,2022-06-05
619,여성,9621265,12439.0,2022-06-04,2022-06-04
620,남성,8532586,11799.0,2022-06-04,2022-06-04
621,여성,9614899,12432.0,2022-06-03,2022-06-03
622,남성,8526936,11797.0,2022-06-03,2022-06-03
623,여성,9608313,12426.0,2022-06-02,2022-06-02
624,남성,8521000,11786.0,2022-06-02,2022-06-02
625,여성,9603077,12415.0,2022-06-01,2022-06-01
626,남성,8516338,11782.0,2022-06-01,2022-06-01
627,여성,9594889,12403.0,2022-05-31,2022-05-31
628,남성,8508749,11773.0,2022-05-31,2022-05-31
629,여성,9585827,12400.0,2022-05-30,2022-05-30
630,남성,8500635,11767.0,2022-05-30,2022-05-30
631,여성,9582647,12396.0,2022-05-29,2022-05-29
632,남성,8497676,11762.0,2022-05-29,2022-05-29
633,여성,9575994,12385.0,2022-05-28,2022-05-28
634,남성,8491675,11754.0,2022-05-28,2022-05-28
635,여성,9568473,12367.0,2022-05-27,2022-05-27
636,남성,8484814,11736.0,2022-05-27,2022-05-27
637,여성,9559810,12356.0,2022-05-26,2022-05-26
638,남성,8476910,11707.0,2022-05-26,2022-05-26
639,여성,9549902,12339.0,2022-05-25,2022-05-25
640,남성,8468021,11690.0,2022-05-25,2022-05-25
641,여성,9537380,12326.0,2022-05-24,2022-05-24
642,남성,8456605,11680.0,2022-05-24,2022-05-24
643,여성,9523344,12321.0,2022-05-23,2022-05-23
644,남성,8444328,11666.0,2022-05-23,2022-05-23
645,여성,9518286,12305.0,2022-05-22,2022-05-22
646,남성,8439411,11660.0,2022-05-22,2022-05-22
647,여성,9508058,12279.0,2022-05-21,2022-05-21
648,남성,8430341,11632.0,2022-05-21,2022-05-21
649,여성,9495603,12267.0,2022-05-20,2022-05-20
650,남성,8419354,11618.0,2022-05-20,2022-05-20
651,여성,9482201,12243.0,2022-05-19,2022-05-19
652,남성,8407648,11599.0,2022-05-19,2022-05-19
653,여성,9467030,12223.0,2022-05-18,2022-05-18
654,남성,8394714,11579.0,2022-05-18,2022-05-18
655,여성,9450219,12211.0,2022-05-17,2022-05-17
656,남성,8380210,11560.0,2022-05-17,2022-05-17
657,여성,9431572,12198.0,2022-05-16,2022-05-16
658,남성,8363785,11546.0,2022-05-16,2022-05-16
659,여성,9424695,12176.0,2022-05-15,2022-05-15
660,남성,8357366,11533.0,2022-05-15,2022-05-15
661,여성,9410694,12156.0,2022-05-14,2022-05-14
662,남성,8345933,11505.0,2022-05-14,2022-05-14
663,여성,9394623,12124.0,2022-05-13,2022-05-13
664,남성,8332463,11482.0,2022-05-13,2022-05-13
665,여성,9376950,12099.0,2022-05-12,2022-05-12
666,남성,8317727,11455.0,2022-05-12,2022-05-12
667,여성,9357385,12067.0,2022-05-11,2022-05-11
668,남성,8301409,11424.0,2022-05-11,2022-05-11
669,여성,9333377,12051.0,2022-05-10,2022-05-10
670,남성,8281518,11411.0,2022-05-10,2022-05-10
671,여성,9306378,12019.0,2022-05-09,2022-05-09
672,남성,8258621,11381.0,2022-05-09,2022-05-09
673,여성,9295483,11995.0,2022-05-08,2022-05-08
674,남성,8248915,11365.0,2022-05-08,2022-05-08
675,여성,9273625,11958.0,2022-05-07,2022-05-07
676,남성,8230709,11331.0,2022-05-07,2022-05-07
677,여성,9251684,11919.0,2022-05-06,2022-05-06
678,남성,8213098,11287.0,2022-05-06,2022-05-06
679,여성,9237134,11896.0,2022-05-05,2022-05-05
680,남성,8200934,11262.0,2022-05-05,2022-05-05
681,여성,9213579,11863.0,2022-05-04,2022-05-04
682,남성,8182212,11216.0,2022-05-04,2022-05-04
683,여성,9186776,11830.0,2022-05-03,2022-05-03
684,남성,8159977,11177.0,2022-05-03,2022-05-03
685,여성,9159567,11808.0,2022-05-02,2022-05-02
686,남성,8136166,11150.0,2022-05-02,2022-05-02
687,여성,9149093,11764.0,2022-05-01,2022-05-01
688,남성,8126556,11111.0,2022-05-01,2022-05-01
689,여성,9128618,11728.0,2022-04-30,2022-04-30
690,남성,8109260,11066.0,2022-04-30,2022-04-30
691,여성,9105088,11693.0,2022-04-29,2022-04-29
692,남성,8089528,11031.0,2022-04-29,2022-04-29
693,여성,9077763,11627.0,2022-04-28,2022-04-28
694,남성,8066302,10961.0,2022-04-28,2022-04-28
695,여성,9046477,11565.0,2022-04-27,2022-04-27
696,남성,8040149,10901.0,2022-04-27,2022-04-27
697,여성,9004844,11493.0,2022-04-26,2022-04-26
698,남성,8005021,10832.0,2022-04-26,2022-04-26
699,여성,8961439,11454.0,2022-04-25,2022-04-25
700,남성,7968125,10789.0,2022-04-25,2022-04-25
701,여성,8943265,11395.0,2022-04-24,2022-04-24
702,남성,7951929,10738.0,2022-04-24,2022-04-24
703,여성,8907875,11338.0,2022-04-23,2022-04-23
704,남성,7922594,10686.0,2022-04-23,2022-04-23
705,여성,8866879,11267.0,2022-04-22,2022-04-22
706,남성,7888176,10606.0,2022-04-22,2022-04-22
707,여성,8822452,11172.0,2022-04-21,2022-04-21
708,남성,7851593,10495.0,2022-04-21,2022-04-21
709,여성,8772869,11101.0,2022-04-20,2022-04-20
710,남성,7810351,10419.0,2022-04-20,2022-04-20
711,여성,8712890,11019.0,2022-04-19,2022-04-19
712,남성,7759050,10335.0,2022-04-19,2022-04-19
713,여성,8649452,10950.0,2022-04-18,2022-04-18
714,남성,7704043,10274.0,2022-04-18,2022-04-18
715,여성,8624030,10891.0,2022-04-17,2022-04-17
716,남성,7681722,10201.0,2022-04-17,2022-04-17
717,여성,8572753,10782.0,2022-04-16,2022-04-16
718,남성,7639998,10107.0,2022-04-16,2022-04-16
719,여성,8513728,10629.0,2022-04-15,2022-04-15
720,남성,7591141,9987.0,2022-04-15,2022-04-15
721,여성,8445264,10487.0,2022-04-14,2022-04-14
722,남성,7533797,9865.0,2022-04-14,2022-04-14
723,여성,8364613,10324.0,2022-04-13,2022-04-13
724,남성,7466031,9710.0,2022-04-13,2022-04-13
725,여성,8259287,10220.0,2022-04-12,2022-04-12
726,남성,7375987,9630.0,2022-04-12,2022-04-12
727,여성,8146983,10140.0,2022-04-11,2022-04-11
728,남성,7277615,9539.0,2022-04-11,2022-04-11
729,여성,8099217,9998.0,2022-04-10,2022-04-10
730,남성,7234453,9423.0,2022-04-10,2022-04-10
731,여성,8009849,9833.0,2022-04-09,2022-04-09
732,남성,7159340,9259.0,2022-04-09,2022-04-09
733,여성,7909465,9665.0,2022-04-08,2022-04-08
734,남성,7074229,9089.0,2022-04-08,2022-04-08
735,여성,7798185,9460.0,2022-04-07,2022-04-07
736,남성,6980220,8921.0,2022-04-07,2022-04-07
737,여성,7676552,9264.0,2022-04-06,2022-04-06
738,남성,6877092,8769.0,2022-04-06,2022-04-06
739,여성,7522027,9074.0,2022-04-05,2022-04-05
740,남성,6745374,8588.0,2022-04-05,2022-04-05
741,여성,7379846,8975.0,2022-04-04,2022-04-04
742,남성,6621560,8478.0,2022-04-04,2022-04-04
743,여성,7313017,8868.0,2022-04-03,2022-04-03
744,남성,6561199,8367.0,2022-04-03,2022-04-03
745,여성,7186336,8687.0,2022-04-02,2022-04-02
746,남성,6453579,8242.0,2022-04-02,2022-04-02
747,여성,7043560,8504.0,2022-04-01,2022-04-01
748,남성,6332258,8086.0,2022-04-01,2022-04-01
749,여성,6891856,8309.0,2022-03-31,2022-03-31
750,남성,6203775,7921.0,2022-03-31,2022-03-31
751,여성,6717932,8097.0,2022-03-30,2022-03-30
752,남성,6057024,7758.0,2022-03-30,2022-03-30
753,여성,6490198,7883.0,2022-03-29,2022-03-29
754,남성,5860230,7540.0,2022-03-29,2022-03-29
755,여성,6306992,7754.0,2022-03-28,2022-03-28
756,남성,5696062,7432.0,2022-03-28,2022-03-28
757,여성,6209308,7588.0,2022-03-27,2022-03-27
758,남성,5606533,7311.0,2022-03-27,2022-03-27
759,여성,6038125,7433.0,2022-03-26,2022-03-26
760,남성,5459586,7184.0,2022-03-26,2022-03-26
761,여성,5858331,7267.0,2022-03-25,2022-03-25
762,남성,5303901,7027.0,2022-03-25,2022-03-25
763,여성,5675549,7072.0,2022-03-24,2022-03-24
764,남성,5147287,6830.0,2022-03-24,2022-03-24
765,여성,5461682,6829.0,2022-03-23,2022-03-23
766,남성,4965565,6603.0,2022-03-23,2022-03-23
767,여성,5197917,6676.0,2022-03-22,2022-03-22
768,남성,4738623,6465.0,2022-03-22,2022-03-22
769,여성,5010898,6476.0,2022-03-21,2022-03-21
770,남성,4571917,6281.0,2022-03-21,2022-03-21
771,여성,4900855,6295.0,2022-03-20,2022-03-20
772,남성,4472791,6133.0,2022-03-20,2022-03-20
773,여성,4721360,6127.0,2022-03-19,2022-03-19
774,남성,4317578,5974.0,2022-03-19,2022-03-19
775,여성,4517122,5958.0,2022-03-18,2022-03-18
776,남성,4140487,5824.0,2022-03-18,2022-03-18
777,여성,4298912,5782.0,2022-03-17,2022-03-17
778,남성,3951680,5699.0,2022-03-17,2022-03-17
779,여성,3966432,5562.0,2022-03-16,2022-03-16
780,남성,3662843,5490.0,2022-03-16,2022-03-16
781,여성,3756514,5462.0,2022-03-15,2022-03-15
782,남성,3472036,5426.0,2022-03-15,2022-03-15
783,여성,3567412,5302.0,2022-03-14,2022-03-14
784,남성,3298810,5293.0,2022-03-14,2022-03-14
785,여성,3403439,5214.0,2022-03-13,2022-03-13
786,남성,3153014,5181.0,2022-03-13,2022-03-13
787,여성,3218759,5080.0,2022-03-12,2022-03-12
788,남성,2987518,5064.0,2022-03-12,2022-03-12
789,여성,3015150,4941.0,2022-03-11,2022-03-11
790,남성,2807476,4934.0,2022-03-11,2022-03-11
791,여성,2865040,4817.0,2022-03-10,2022-03-10
792,남성,2674610,4829.0,2022-03-10,2022-03-10
793,여성,2690373,4707.0,2022-03-09,2022-03-09
794,남성,2521745,4733.0,2022-03-09,2022-03-09
795,여성,2511257,4620.0,2022-03-08,2022-03-08
796,남성,2358434,4662.0,2022-03-08,2022-03-08
797,여성,2406635,4533.0,2022-03-07,2022-03-07
798,남성,2260342,4563.0,2022-03-07,2022-03-07
799,여성,2294711,4460.0,2022-03-06,2022-03-06
800,남성,2161553,4497.0,2022-03-06,2022-03-06
801,여성,2164432,4367.0,2022-03-05,2022-03-05
802,남성,2048220,4429.0,2022-03-05,2022-03-05
803,여성,2028368,4251.0,2022-03-04,2022-03-04
804,남성,1929958,4329.0,2022-03-04,2022-03-04
805,여성,1887714,4153.0,2022-03-03,2022-03-03
806,남성,1803774,4241.0,2022-03-03,2022-03-03
807,여성,1783729,4083.0,2022-03-02,2022-03-02
808,남성,1708957,4183.0,2022-03-02,2022-03-02
809,여성,1669029,4031.0,2022-03-01,2022-03-01
810,남성,1604420,4139.0,2022-03-01,2022-03-01
811,여성,1597746,3983.0,2022-02-28,2022-02-28
812,남성,1536710,4075.0,2022-02-28,2022-02-28
813,여성,1524680,3928.0,2022-02-27,2022-02-27
814,남성,1470161,4016.0,2022-02-27,2022-02-27
815,여성,1438726,3898.0,2022-02-26,2022-02-26
816,남성,1392557,3997.0,2022-02-26,2022-02-26
817,여성,1350933,3844.0,2022-02-25,2022-02-25
818,남성,1314144,3939.0,2022-02-25,2022-02-25
819,여성,1263792,3787.0,2022-02-24,2022-02-24
820,남성,1235396,3902.0,2022-02-24,2022-02-24
821,여성,1174761,3742.0,2022-02-23,2022-02-23
822,남성,1154421,3865.0,2022-02-23,2022-02-23
823,여성,1086051,3694.0,2022-02-22,2022-02-22
824,남성,1071683,3814.0,2022-02-22,2022-02-22
825,여성,1034782,3661.0,2022-02-21,2022-02-21
826,남성,1023402,3789.0,2022-02-21,2022-02-21
827,여성,985110,3635.0,2022-02-20,2022-02-20
828,남성,977727,3770.0,2022-02-20,2022-02-20
829,여성,930408,3610.0,2022-02-19,2022-02-19
830,남성,927601,3744.0,2022-02-19,2022-02-19
831,여성,877098,3567.0,2022-02-18,2022-02-18
832,남성,878708,3716.0,2022-02-18,2022-02-18
833,여성,820146,3543.0,2022-02-17,2022-02-17
834,남성,825832,3695.0,2022-02-17,2022-02-17
835,여성,771614,3528.0,2022-02-16,2022-02-16
836,남성,781237,3674.0,2022-02-16,2022-02-16
837,여성,725401,3503.0,2022-02-15,2022-02-15
838,남성,737020,3660.0,2022-02-15,2022-02-15
839,여성,696372,3471.0,2022-02-14,2022-02-14
840,남성,708874,3631.0,2022-02-14,2022-02-14
841,여성,668376,3462.0,2022-02-13,2022-02-13
842,남성,682254,3619.0,2022-02-13,2022-02-13
843,여성,639497,3445.0,2022-02-12,2022-02-12
844,남성,654708,3600.0,2022-02-12,2022-02-12
845,여성,611398,3427.0,2022-02-11,2022-02-11
846,남성,627889,3585.0,2022-02-11,2022-02-11
847,여성,583982,3396.0,2022-02-10,2022-02-10
848,남성,601379,3567.0,2022-02-10,2022-02-10
849,여성,556169,3386.0,2022-02-09,2022-02-09
850,남성,575070,3557.0,2022-02-09,2022-02-09
851,여성,530783,3373.0,2022-02-08,2022-02-08
852,남성,550898,3549.0,2022-02-08,2022-02-08
853,여성,511918,3349.0,2022-02-07,2022-02-07
854,남성,533045,3524.0,2022-02-07,2022-02-07
855,여성,493656,3349.0,2022-02-06,2022-02-06
856,남성,516032,3524.0,2022-02-06,2022-02-06
857,여성,473415,3345.0,2022-02-05,2022-02-05
858,남성,497603,3513.0,2022-02-05,2022-02-05
859,여성,454409,3332.0,2022-02-04,2022-02-04
860,남성,480247,3504.0,2022-02-04,2022-02-04
861,여성,440369,3318.0,2022-02-03,2022-02-03
862,남성,466845,3494.0,2022-02-03,2022-02-03
863,여성,428535,3303.0,2022-02-02,2022-02-02
864,남성,455775,3484.0,2022-02-02,2022-02-02
865,여성,418304,3297.0,2022-02-01,2022-02-01
866,남성,445738,3475.0,2022-02-01,2022-02-01
867,여성,409175,3289.0,2022-01-31,2022-01-31
868,남성,436534,3466.0,2022-01-31,2022-01-31
869,여성,400546,3275.0,2022-01-30,2022-01-30
870,남성,428091,3457.0,2022-01-30,2022-01-30
871,여성,391816,3264.0,2022-01-29,2022-01-29
872,남성,419306,3448.0,2022-01-29,2022-01-29
873,여성,382930,3247.0,2022-01-28,2022-01-28
874,남성,410652,3431.0,2022-01-28,2022-01-28
875,여성,374670,3234.0,2022-01-27,2022-01-27
876,남성,402827,3420.0,2022-01-27,2022-01-27
877,여성,367338,3212.0,2022-01-26,2022-01-26
878,남성,395645,3408.0,2022-01-26,2022-01-26
879,여성,360908,3198.0,2022-01-25,2022-01-25
880,남성,389071,3390.0,2022-01-25,2022-01-25
881,여성,356590,3186.0,2022-01-24,2022-01-24
882,남성,384823,3379.0,2022-01-24,2022-01-24
883,여성,352861,3176.0,2022-01-23,2022-01-23
884,남성,381041,3364.0,2022-01-23,2022-01-23
885,여성,349082,3174.0,2022-01-22,2022-01-22
886,남성,377192,3355.0,2022-01-22,2022-01-22
887,여성,345567,3160.0,2022-01-21,2022-01-21
888,남성,373702,3341.0,2022-01-21,2022-01-21
889,여성,342309,3147.0,2022-01-20,2022-01-20
890,남성,370194,3333.0,2022-01-20,2022-01-20
891,여성,339077,3134.0,2022-01-19,2022-01-19
892,남성,366825,3318.0,2022-01-19,2022-01-19
893,여성,336231,3099.0,2022-01-18,2022-01-18
894,남성,363871,3279.0,2022-01-18,2022-01-18
895,여성,334244,3074.0,2022-01-17,2022-01-17
896,남성,361788,3259.0,2022-01-17,2022-01-17
897,여성,332322,3063.0,2022-01-16,2022-01-16
898,남성,359852,3247.0,2022-01-16,2022-01-16
899,여성,330278,3049.0,2022-01-15,2022-01-15
900,남성,357706,3232.0,2022-01-15,2022-01-15
901,여성,328223,3040.0,2022-01-14,2022-01-14
902,남성,355343,3219.0,2022-01-14,2022-01-14
903,여성,326155,3019.0,2022-01-13,2022-01-13
904,남성,352875,3191.0,2022-01-13,2022-01-13
905,여성,324182,2999.0,2022-01-12,2022-01-12
906,남성,350686,3167.0,2022-01-12,2022-01-12
907,여성,322208,2966.0,2022-01-11,2022-01-11
908,남성,348275,3148.0,2022-01-11,2022-01-11
909,여성,320687,2947.0,2022-01-10,2022-01-10
910,남성,346703,3124.0,2022-01-10,2022-01-10
911,여성,319256,2933.0,2022-01-09,2022-01-09
912,남성,345135,3104.0,2022-01-09,2022-01-09
913,여성,317595,2907.0,2022-01-08,2022-01-08
914,남성,343420,3079.0,2022-01-08,2022-01-08
915,여성,315878,2874.0,2022-01-07,2022-01-07
916,남성,341630,3058.0,2022-01-07,2022-01-07
917,여성,314049,2852.0,2022-01-06,2022-01-06
918,남성,339743,3035.0,2022-01-06,2022-01-06
919,여성,312013,2835.0,2022-01-05,2022-01-05
920,남성,337656,3003.0,2022-01-05,2022-01-05
921,여성,309816,2810.0,2022-01-04,2022-01-04
922,남성,335410,2971.0,2022-01-04,2022-01-04
923,여성,308354,2783.0,2022-01-03,2022-01-03
924,남성,333853,2947.0,2022-01-03,2022-01-03
925,여성,306819,2762.0,2022-01-02,2022-01-02
926,남성,332264,2932.0,2022-01-02,2022-01-02
927,여성,304890,2729.0,2022-01-01,2022-01-01
928,남성,330363,2896.0,2022-01-01,2022-01-01
929,여성,302637,2696.0,2021-12-31,2021-12-31
930,남성,328201,2867.0,2021-12-31,2021-12-31
931,여성,300213,2657.0,2021-12-30,2021-12-30
932,남성,325754,2798.0,2021-12-30,2021-12-30
933,여성,297708,2626.0,2021-12-29,2021-12-29
934,남성,323230,2756.0,2021-12-29,2021-12-29
935,여성,294950,2614.0,2021-12-28,2021-12-28
936,남성,320582,2732.0,2021-12-28,2021-12-28
937,여성,292997,2595.0,2021-12-27,2021-12-27
938,남성,318673,2705.0,2021-12-27,2021-12-27
939,여성,290960,2569.0,2021-12-26,2021-12-26
940,남성,316503,2676.0,2021-12-26,2021-12-26
941,여성,288301,2522.0,2021-12-25,2021-12-25
942,남성,313744,2654.0,2021-12-25,2021-12-25
943,여성,285388,2480.0,2021-12-24,2021-12-24
944,남성,310821,2591.0,2021-12-24,2021-12-24
945,여성,282266,2452.0,2021-12-23,2021-12-23
946,남성,307712,2563.0,2021-12-23,2021-12-23
947,여성,278848,2387.0,2021-12-22,2021-12-22
948,남성,304217,2519.0,2021-12-22,2021-12-22
949,여성,275140,2345.0,2021-12-21,2021-12-21
950,남성,300475,2483.0,2021-12-21,2021-12-21
951,여성,272551,2322.0,2021-12-20,2021-12-20
952,남성,297863,2454.0,2021-12-20,2021-12-20
953,여성,269921,2298.0,2021-12-19,2021-12-19
954,남성,295177,2424.0,2021-12-19,2021-12-19
955,여성,266871,2265.0,2021-12-18,2021-12-18
956,남성,291993,2379.0,2021-12-18,2021-12-18
957,여성,263222,2234.0,2021-12-17,2021-12-17
958,남성,288329,2357.0,2021-12-17,2021-12-17
959,여성,259462,2200.0,2021-12-16,2021-12-16
960,남성,284655,2318.0,2021-12-16,2021-12-16
961,여성,255656,2167.0,2021-12-15,2021-12-15
962,남성,280839,2289.0,2021-12-15,2021-12-15
963,여성,251826,2133.0,2021-12-14,2021-12-14
964,남성,276826,2254.0,2021-12-14,2021-12-14
965,여성,249103,2087.0,2021-12-13,2021-12-13
966,남성,273985,2206.0,2021-12-13,2021-12-13
967,여성,246270,2063.0,2021-12-12,2021-12-12
968,남성,271001,2190.0,2021-12-12,2021-12-12
969,여성,242872,2044.0,2021-12-11,2021-12-11
970,남성,267711,2166.0,2021-12-11,2021-12-11
971,여성,239335,2007.0,2021-12-10,2021-12-10
972,남성,264271,2123.0,2021-12-10,2021-12-10
973,여성,235684,1987.0,2021-12-09,2021-12-09
974,남성,260900,2090.0,2021-12-09,2021-12-09
975,여성,232135,1958.0,2021-12-08,2021-12-08
976,남성,257349,2062.0,2021-12-08,2021-12-08
977,여성,228578,1931.0,2021-12-07,2021-12-07
978,남성,253732,2026.0,2021-12-07,2021-12-07
979,여성,226226,1896.0,2021-12-06,2021-12-06
980,남성,251132,1997.0,2021-12-06,2021-12-06
981,여성,224027,1880.0,2021-12-05,2021-12-05
982,남성,249007,1972.0,2021-12-05,2021-12-05
983,여성,221438,1858.0,2021-12-04,2021-12-04
984,남성,246469,1951.0,2021-12-04,2021-12-04
985,여성,218758,1821.0,2021-12-03,2021-12-03
986,남성,243797,1918.0,2021-12-03,2021-12-03
987,여성,216273,1806.0,2021-12-02,2021-12-02
988,남성,241339,1899.0,2021-12-02,2021-12-02
989,여성,213701,1786.0,2021-12-01,2021-12-01
990,남성,238649,1873.0,2021-12-01,2021-12-01
991,여성,211159,1773.0,2021-11-30,2021-11-30
992,남성,236071,1851.0,2021-11-30,2021-11-30
993,여성,209657,1755.0,2021-11-29,2021-11-29
994,남성,234543,1825.0,2021-11-29,2021-11-29
995,여성,208031,1741.0,2021-11-28,2021-11-28
996,남성,232865,1807.0,2021-11-28,2021-11-28
997,여성,206048,1712.0,2021-11-27,2021-11-27
998,남성,230920,1780.0,2021-11-27,2021-11-27
999,여성,204024,1689.0,2021-11-26,2021-11-26
1000,남성,228877,1751.0,2021-11-26,2021-11-26
1001,여성,202111,1673.0,2021-11-25,2021-11-25
1002,남성,226891,1728.0,2021-11-25,2021-11-25
1003,여성,200217,1654.0,2021-11-24,2021-11-24
1004,남성,224847,1708.0,2021-11-24,2021-11-24
1005,여성,198195,1635.0,2021-11-23,2021-11-23
1006,남성,222755,1693.0,2021-11-23,2021-11-23
1007,여성,196876,1620.0,2021-11-22,2021-11-22
1008,남성,221376,1678.0,2021-11-22,2021-11-22
1009,여성,195470,1610.0,2021-11-21,2021-11-21
1010,남성,219955,1664.0,2021-11-21,2021-11-21
1011,여성,193925,1594.0,2021-11-20,2021-11-20
1012,남성,218386,1650.0,2021-11-20,2021-11-20
1013,여성,192310,1584.0,2021-11-19,2021-11-19
1014,남성,216789,1631.0,2021-11-19,2021-11-19
1015,여성,190841,1564.0,2021-11-18,2021-11-18
1016,남성,215224,1623.0,2021-11-18,2021-11-18
1017,여성,186604,1537.0,2021-11-15,2021-11-15
1018,남성,210862,1578.0,2021-11-15,2021-11-15
1019,여성,185567,1532.0,2021-11-14,2021-11-14
1020,남성,209893,1571.0,2021-11-14,2021-11-14
1021,여성,184408,1523.0,2021-11-13,2021-11-13
1022,남성,208634,1560.0,2021-11-13,2021-11-13
1023,여성,183269,1505.0,2021-11-12,2021-11-12
1024,남성,207450,1546.0,2021-11-12,2021-11-12
1025,여성,182118,1499.0,2021-11-11,2021-11-11
1026,남성,206233,1534.0,2021-11-11,2021-11-11
1027,여성,180874,1486.0,2021-11-10,2021-11-10
1028,남성,204957,1526.0,2021-11-10,2021-11-10
1029,여성,179760,1478.0,2021-11-09,2021-11-09
1030,남성,203647,1520.0,2021-11-09,2021-11-09
1031,여성,178932,1470.0,2021-11-08,2021-11-08
1032,남성,202762,1510.0,2021-11-08,2021-11-08
1033,여성,178078,1461.0,2021-11-07,2021-11-07
1034,남성,201857,1506.0,2021-11-07,2021-11-07
1035,여성,177043,1456.0,2021-11-06,2021-11-06
1036,남성,200669,1500.0,2021-11-06,2021-11-06
1037,여성,175993,1444.0,2021-11-05,2021-11-05
1038,남성,199471,1492.0,2021-11-05,2021-11-05
1039,여성,174882,1439.0,2021-11-04,2021-11-04
1040,남성,198238,1477.0,2021-11-04,2021-11-04
1041,여성,173682,1424.0,2021-11-03,2021-11-03
1042,남성,196958,1468.0,2021-11-03,2021-11-03
1043,여성,172439,1413.0,2021-11-02,2021-11-02
1044,남성,195535,1461.0,2021-11-02,2021-11-02
1045,여성,171654,1401.0,2021-11-01,2021-11-01
1046,남성,194732,1457.0,2021-11-01,2021-11-01
1047,여성,170824,1395.0,2021-10-31,2021-10-31
1048,남성,193876,1454.0,2021-10-31,2021-10-31
1049,여성,169940,1383.0,2021-10-30,2021-10-30
1050,남성,192699,1447.0,2021-10-30,2021-10-30
1051,여성,168995,1376.0,2021-10-29,2021-10-29
1052,남성,191541,1441.0,2021-10-29,2021-10-29
1053,여성,168012,1372.0,2021-10-28,2021-10-28
1054,남성,190400,1436.0,2021-10-28,2021-10-28
1055,여성,167084,1368.0,2021-10-27,2021-10-27
1056,남성,189221,1429.0,2021-10-27,2021-10-27
1057,여성,165630,1357.0,2021-10-25,2021-10-25
1058,남성,187459,1416.0,2021-10-25,2021-10-25
1059,여성,165068,1354.0,2021-10-24,2021-10-24
1060,남성,186831,1412.0,2021-10-24,2021-10-24
1061,여성,164453,1342.0,2021-10-23,2021-10-23
1062,남성,186023,1403.0,2021-10-23,2021-10-23
1063,여성,163779,1332.0,2021-10-22,2021-10-22
1064,남성,185190,1393.0,2021-10-22,2021-10-22
1065,여성,163147,1326.0,2021-10-21,2021-10-21
1066,남성,184382,1383.0,2021-10-21,2021-10-21
1067,여성,162515,1323.0,2021-10-20,2021-10-20
1068,남성,183573,1375.0,2021-10-20,2021-10-20
1069,여성,161833,1321.0,2021-10-19,2021-10-19
1070,남성,182685,1368.0,2021-10-19,2021-10-19
1071,여성,160867,1304.0,2021-10-17,2021-10-17
1072,남성,181529,1356.0,2021-10-17,2021-10-17
1073,여성,160261,1297.0,2021-10-16,2021-10-16
1074,남성,180717,1347.0,2021-10-16,2021-10-16
1075,여성,159526,1292.0,2021-10-15,2021-10-15
1076,남성,179835,1334.0,2021-10-15,2021-10-15
1077,여성,158787,1290.0,2021-10-14,2021-10-14
1078,남성,178892,1328.0,2021-10-14,2021-10-14
1079,여성,157955,1286.0,2021-10-13,2021-10-13
1080,남성,177787,1319.0,2021-10-13,2021-10-13
1081,여성,157277,1284.0,2021-10-12,2021-10-12
1082,남성,176886,1310.0,2021-10-12,2021-10-12
1083,여성,156732,1278.0,2021-10-11,2021-10-11
1084,남성,176084,1305.0,2021-10-11,2021-10-11
1085,여성,156178,1276.0,2021-10-10,2021-10-10
1086,남성,175341,1299.0,2021-10-10,2021-10-10
1087,여성,154707,1264.0,2021-10-08,2021-10-08
1088,남성,173269,1290.0,2021-10-08,2021-10-08
1089,여성,153814,1261.0,2021-10-07,2021-10-07
1090,남성,171990,1283.0,2021-10-07,2021-10-07
1091,여성,152788,1255.0,2021-10-06,2021-10-06
1092,남성,170591,1281.0,2021-10-06,2021-10-06
1093,여성,151422,1241.0,2021-10-04,2021-10-04
1094,남성,168355,1272.0,2021-10-04,2021-10-04
1095,여성,150774,1239.0,2021-10-03,2021-10-03
1096,남성,167331,1268.0,2021-10-03,2021-10-03
1097,여성,149921,1236.0,2021-10-02,2021-10-02
1098,남성,166099,1268.0,2021-10-02,2021-10-02
1099,여성,149019,1233.0,2021-10-01,2021-10-01
1100,남성,164754,1264.0,2021-10-01,2021-10-01
1101,여성,148013,1229.0,2021-09-30,2021-09-30
1102,남성,163276,1252.0,2021-09-30,2021-09-30
1103,여성,146927,1224.0,2021-09-29,2021-09-29
1104,남성,161798,1250.0,2021-09-29,2021-09-29
1105,여성,145727,1222.0,2021-09-28,2021-09-28
1106,남성,160115,1242.0,2021-09-28,2021-09-28
1107,여성,144744,1221.0,2021-09-27,2021-09-27
1108,남성,158809,1235.0,2021-09-27,2021-09-27
1109,여성,143683,1217.0,2021-09-26,2021-09-26
1110,남성,157489,1233.0,2021-09-26,2021-09-26
1111,여성,141089,1210.0,2021-09-24,2021-09-24
1112,남성,154043,1224.0,2021-09-24,2021-09-24
1113,여성,140047,1207.0,2021-09-23,2021-09-23
1114,남성,152652,1220.0,2021-09-23,2021-09-23
1115,여성,139317,1204.0,2021-09-22,2021-09-22
1116,남성,151666,1215.0,2021-09-22,2021-09-22
1117,여성,138538,1203.0,2021-09-21,2021-09-21
1118,남성,150725,1210.0,2021-09-21,2021-09-21
1119,여성,137784,1201.0,2021-09-20,2021-09-20
1120,남성,149752,1208.0,2021-09-20,2021-09-20
1121,여성,137077,1199.0,2021-09-19,2021-09-19
1122,남성,148854,1205.0,2021-09-19,2021-09-19
1123,여성,136213,1192.0,2021-09-18,2021-09-18
1124,남성,147809,1202.0,2021-09-18,2021-09-18
1125,여성,134409,1188.0,2021-09-16,2021-09-16
1126,남성,145521,1198.0,2021-09-16,2021-09-16
1127,여성,133526,1187.0,2021-09-15,2021-09-15
1128,남성,144463,1193.0,2021-09-15,2021-09-15
1129,여성,132602,1177.0,2021-09-14,2021-09-14
1130,남성,143308,1190.0,2021-09-14,2021-09-14
1131,여성,131972,1175.0,2021-09-13,2021-09-13
1132,남성,142443,1185.0,2021-09-13,2021-09-13
1133,여성,130582,1174.0,2021-09-11,2021-09-11
1134,남성,140645,1184.0,2021-09-11,2021-09-11
1135,여성,129737,1168.0,2021-09-10,2021-09-10
1136,남성,139625,1180.0,2021-09-10,2021-09-10
1137,여성,128911,1166.0,2021-09-09,2021-09-09
1138,남성,138559,1177.0,2021-09-09,2021-09-09
1139,여성,127986,1162.0,2021-09-08,2021-09-08
1140,남성,137437,1172.0,2021-09-08,2021-09-08
1141,여성,127081,1160.0,2021-09-07,2021-09-07
1142,남성,136293,1170.0,2021-09-07,2021-09-07
1143,여성,126392,1158.0,2021-09-06,2021-09-06
1144,남성,135386,1169.0,2021-09-06,2021-09-06
1145,여성,125087,1152.0,2021-09-04,2021-09-04
1146,남성,133826,1163.0,2021-09-04,2021-09-04
1147,여성,124319,1151.0,2021-09-03,2021-09-03
1148,남성,132791,1157.0,2021-09-03,2021-09-03
1149,여성,123576,1150.0,2021-09-02,2021-09-02
1150,남성,131825,1153.0,2021-09-02,2021-09-02
1151,여성,122711,1144.0,2021-09-01,2021-09-01
1152,남성,130734,1148.0,2021-09-01,2021-09-01
1153,여성,121802,1141.0,2021-08-31,2021-08-31
1154,남성,129619,1144.0,2021-08-31,2021-08-31
1155,여성,121186,1140.0,2021-08-30,2021-08-30
1156,남성,128865,1144.0,2021-08-30,2021-08-30
1157,여성,120528,1138.0,2021-08-29,2021-08-29
1158,남성,128040,1141.0,2021-08-29,2021-08-29
1159,여성,119792,1138.0,2021-08-28,2021-08-28
1160,남성,127159,1138.0,2021-08-28,2021-08-28
1161,여성,118923,1131.0,2021-08-27,2021-08-27
1162,남성,126235,1134.0,2021-08-27,2021-08-27
1163,여성,118085,1128.0,2021-08-26,2021-08-26
1164,남성,125232,1129.0,2021-08-26,2021-08-26
1165,여성,117288,1117.0,2021-08-25,2021-08-25
1166,남성,124151,1120.0,2021-08-25,2021-08-25
1167,여성,116331,1113.0,2021-08-24,2021-08-24
1168,남성,122956,1115.0,2021-08-24,2021-08-24
1169,여성,115648,1112.0,2021-08-23,2021-08-23
1170,남성,122134,1110.0,2021-08-23,2021-08-23
1171,여성,115012,1108.0,2021-08-22,2021-08-22
1172,남성,121354,1107.0,2021-08-22,2021-08-22
1173,여성,114238,1102.0,2021-08-21,2021-08-21
1174,남성,120501,1100.0,2021-08-21,2021-08-21
1175,여성,113401,1100.0,2021-08-20,2021-08-20
1176,남성,119458,1097.0,2021-08-20,2021-08-20
1177,여성,112494,1098.0,2021-08-19,2021-08-19
1178,남성,118314,1093.0,2021-08-19,2021-08-19
1179,여성,111561,1094.0,2021-08-18,2021-08-18
1180,남성,117096,1084.0,2021-08-18,2021-08-18
1181,여성,110768,1090.0,2021-08-17,2021-08-17
1182,남성,116086,1083.0,2021-08-17,2021-08-17
1183,여성,108543,1078.0,2021-08-14,2021-08-14
1184,남성,113568,1070.0,2021-08-14,2021-08-14
1185,여성,107675,1076.0,2021-08-13,2021-08-13
1186,남성,112507,1068.0,2021-08-13,2021-08-13
1187,여성,106776,1073.0,2021-08-12,2021-08-12
1188,남성,111416,1065.0,2021-08-12,2021-08-12
1189,여성,105853,1071.0,2021-08-11,2021-08-11
1190,남성,110353,1064.0,2021-08-11,2021-08-11
1191,여성,104737,1070.0,2021-08-10,2021-08-10
1192,남성,109250,1064.0,2021-08-10,2021-08-10
1193,여성,103977,1065.0,2021-08-09,2021-08-09
1194,남성,108471,1060.0,2021-08-09,2021-08-09
1195,여성,102425,1061.0,2021-08-07,2021-08-07
1196,남성,106803,1055.0,2021-08-07,2021-08-07
1197,여성,101544,1058.0,2021-08-06,2021-08-06
1198,남성,105862,1055.0,2021-08-06,2021-08-06
1199,여성,100754,1057.0,2021-08-05,2021-08-05
1200,남성,104948,1052.0,2021-08-05,2021-08-05
1201,여성,99921,1056.0,2021-08-04,2021-08-04
1202,남성,104005,1050.0,2021-08-04,2021-08-04
1203,여성,99101,1056.0,2021-08-03,2021-08-03
1204,남성,103102,1048.0,2021-08-03,2021-08-03
1205,여성,98499,1054.0,2021-08-02,2021-08-02
1206,남성,102503,1045.0,2021-08-02,2021-08-02
1207,여성,97875,1053.0,2021-08-01,2021-08-01
1208,남성,101912,1045.0,2021-08-01,2021-08-01
1209,여성,97164,1052.0,2021-07-31,2021-07-31
1210,남성,101181,1043.0,2021-07-31,2021-07-31
1211,여성,96423,1050.0,2021-07-30,2021-07-30
1212,남성,100383,1039.0,2021-07-30,2021-07-30
1213,여성,95610,1049.0,2021-07-29,2021-07-29
1214,남성,99489,1036.0,2021-07-29,2021-07-29
1215,여성,94781,1049.0,2021-07-28,2021-07-28
1216,남성,98646,1034.0,2021-07-28,2021-07-28
1217,여성,93836,1046.0,2021-07-27,2021-07-27
1218,남성,97695,1033.0,2021-07-27,2021-07-27
1219,여성,93214,1045.0,2021-07-26,2021-07-26
1220,남성,96952,1032.0,2021-07-26,2021-07-26
1221,여성,91921,1040.0,2021-07-24,2021-07-24
1222,남성,95441,1028.0,2021-07-24,2021-07-24
1223,여성,91159,1040.0,2021-07-23,2021-07-23
1224,남성,94574,1026.0,2021-07-23,2021-07-23
1225,여성,90401,1039.0,2021-07-22,2021-07-22
1226,남성,93702,1024.0,2021-07-22,2021-07-22
1227,여성,88786,1036.0,2021-07-20,2021-07-20
1228,남성,91695,1023.0,2021-07-20,2021-07-20
1229,여성,88167,1036.0,2021-07-19,2021-07-19
1230,남성,91036,1022.0,2021-07-19,2021-07-19
1231,여성,87584,1036.0,2021-07-18,2021-07-18
1232,남성,90367,1021.0,2021-07-18,2021-07-18
1233,여성,86926,1036.0,2021-07-17,2021-07-17
1234,남성,89574,1019.0,2021-07-17,2021-07-17
1235,여성,86250,1035.0,2021-07-16,2021-07-16
1236,남성,88796,1016.0,2021-07-16,2021-07-16
1237,여성,85545,1034.0,2021-07-15,2021-07-15
1238,남성,87966,1016.0,2021-07-15,2021-07-15
1239,여성,84814,1033.0,2021-07-14,2021-07-14
1240,남성,87097,1015.0,2021-07-14,2021-07-14
1241,여성,84089,1032.0,2021-07-13,2021-07-13
1242,남성,86207,1014.0,2021-07-13,2021-07-13
1243,여성,83559,1031.0,2021-07-12,2021-07-12
1244,남성,85587,1013.0,2021-07-12,2021-07-12
1245,여성,81789,1029.0,2021-07-09,2021-07-09
1246,남성,83555,1007.0,2021-07-09,2021-07-09
1247,여성,81168,1028.0,2021-07-08,2021-07-08
1248,남성,82860,1006.0,2021-07-08,2021-07-08
1249,여성,80590,1027.0,2021-07-07,2021-07-07
1250,남성,82163,1006.0,2021-07-07,2021-07-07
1251,여성,80007,1026.0,2021-07-06,2021-07-06
1252,남성,81534,1006.0,2021-07-06,2021-07-06
1253,여성,79647,1024.0,2021-07-05,2021-07-05
1254,남성,81148,1004.0,2021-07-05,2021-07-05
1255,여성,79296,1022.0,2021-07-04,2021-07-04
1256,남성,80788,1004.0,2021-07-04,2021-07-04
1257,여성,78956,1021.0,2021-07-03,2021-07-03
1258,남성,80386,1004.0,2021-07-03,2021-07-03
1259,여성,78575,1020.0,2021-07-02,2021-07-02
1260,남성,79974,1004.0,2021-07-02,2021-07-02
1261,여성,78197,1018.0,2021-07-01,2021-07-01
1262,남성,79526,1003.0,2021-07-01,2021-07-01
1263,여성,77870,1018.0,2021-06-30,2021-06-30
1264,남성,79091,1000.0,2021-06-30,2021-06-30
1265,여성,77481,1018.0,2021-06-29,2021-06-29
1266,남성,78686,999.0,2021-06-29,2021-06-29
1267,여성,77206,1017.0,2021-06-28,2021-06-28
1268,남성,78366,998.0,2021-06-28,2021-06-28
1269,여성,76708,1016.0,2021-06-26,2021-06-26
1270,남성,77749,996.0,2021-06-26,2021-06-26
1271,여성,76403,1015.0,2021-06-25,2021-06-25
1272,남성,77386,994.0,2021-06-25,2021-06-25
1273,여성,75870,1014.0,2021-06-23,2021-06-23
1274,남성,76675,993.0,2021-06-23,2021-06-23
1275,여성,75582,1014.0,2021-06-22,2021-06-22
1276,남성,76319,992.0,2021-06-22,2021-06-22
1277,여성,75397,1013.0,2021-06-21,2021-06-21
1278,남성,76109,991.0,2021-06-21,2021-06-21
1279,여성,75219,1012.0,2021-06-20,2021-06-20
1280,남성,75930,990.0,2021-06-20,2021-06-20
1281,여성,75008,1009.0,2021-06-19,2021-06-19
1282,남성,75712,988.0,2021-06-19,2021-06-19
1283,여성,74774,1008.0,2021-06-18,2021-06-18
1284,남성,75464,988.0,2021-06-18,2021-06-18
1285,여성,74540,1008.0,2021-06-17,2021-06-17
1286,남성,75191,986.0,2021-06-17,2021-06-17
1287,여성,74281,1008.0,2021-06-16,2021-06-16
1288,남성,74910,985.0,2021-06-16,2021-06-16
1289,여성,73997,1008.0,2021-06-15,2021-06-15
1290,남성,74650,984.0,2021-06-15,2021-06-15
1291,여성,73816,1004.0,2021-06-14,2021-06-14
1292,남성,74457,984.0,2021-06-14,2021-06-14
1293,여성,73628,1003.0,2021-06-14,2021-06-14
1294,남성,74246,982.0,2021-06-14,2021-06-14
1295,여성,73628,1003.0,2021-06-13,2021-06-13
1296,남성,74246,982.0,2021-06-13,2021-06-13
1297,여성,73421,1000.0,2021-06-12,2021-06-12
1298,남성,74001,982.0,2021-06-12,2021-06-12
1299,여성,73153,1000.0,2021-06-11,2021-06-11
1300,남성,73706,981.0,2021-06-11,2021-06-11
1301,여성,72898,999.0,2021-06-10,2021-06-10
1302,남성,73405,980.0,2021-06-10,2021-06-10
1303,여성,72609,998.0,2021-06-09,2021-06-09
1304,남성,73083,979.0,2021-06-09,2021-06-09
1305,여성,72332,997.0,2021-06-08,2021-06-08
1306,남성,72759,978.0,2021-06-08,2021-06-08
1307,여성,72134,996.0,2021-06-07,2021-06-07
1308,남성,72503,978.0,2021-06-07,2021-06-07
1309,여성,71916,996.0,2021-06-06,2021-06-06
1310,남성,72236,977.0,2021-06-06,2021-06-06
1311,여성,71657,996.0,2021-06-05,2021-06-05
1312,남성,71939,975.0,2021-06-05,2021-06-05
1313,여성,71308,995.0,2021-06-04,2021-06-04
1314,남성,71544,974.0,2021-06-04,2021-06-04
1315,여성,70994,994.0,2021-06-03,2021-06-03
1316,남성,71163,974.0,2021-06-03,2021-06-03
1317,여성,70651,991.0,2021-06-02,2021-06-02
1318,남성,70825,974.0,2021-06-02,2021-06-02
1319,여성,70325,991.0,2021-06-01,2021-06-01
1320,남성,70474,972.0,2021-06-01,2021-06-01
1321,여성,70136,989.0,2021-05-31,2021-05-31
1322,남성,70204,970.0,2021-05-31,2021-05-31
1323,여성,69908,987.0,2021-05-30,2021-05-30
1324,남성,70002,970.0,2021-05-30,2021-05-30
1325,여성,69677,983.0,2021-05-29,2021-05-29
1326,남성,69754,968.0,2021-05-29,2021-05-29
1327,여성,69415,980.0,2021-05-28,2021-05-28
1328,남성,69483,966.0,2021-05-28,2021-05-28
1329,여성,69147,978.0,2021-05-27,2021-05-27
1330,남성,69164,965.0,2021-05-27,2021-05-27
1331,여성,68844,975.0,2021-05-26,2021-05-26
1332,남성,68838,965.0,2021-05-26,2021-05-26
1333,여성,68498,973.0,2021-05-25,2021-05-25
1334,남성,68485,965.0,2021-05-25,2021-05-25
1335,여성,68271,969.0,2021-05-24,2021-05-24
1336,남성,68196,965.0,2021-05-24,2021-05-24
1337,여성,68022,968.0,2021-05-23,2021-05-23
1338,남성,67907,963.0,2021-05-23,2021-05-23
1339,여성,67746,966.0,2021-05-22,2021-05-22
1340,남성,67598,960.0,2021-05-22,2021-05-22
1341,여성,67426,963.0,2021-05-21,2021-05-21
1342,남성,67252,959.0,2021-05-21,2021-05-21
1343,여성,67175,962.0,2021-05-20,2021-05-20
1344,남성,66942,954.0,2021-05-20,2021-05-20
1345,여성,66837,960.0,2021-05-19,2021-05-19
1346,남성,66634,952.0,2021-05-19,2021-05-19
1347,여성,66540,958.0,2021-05-18,2021-05-18
1348,남성,66278,946.0,2021-05-18,2021-05-18
1349,여성,66295,958.0,2021-05-17,2021-05-17
1350,남성,65995,945.0,2021-05-17,2021-05-17
1351,여성,66012,956.0,2021-05-16,2021-05-16
1352,남성,65659,944.0,2021-05-16,2021-05-16
1353,여성,65714,952.0,2021-05-15,2021-05-15
1354,남성,65347,944.0,2021-05-15,2021-05-15
1355,여성,65393,952.0,2021-05-14,2021-05-14
1356,남성,64987,941.0,2021-05-14,2021-05-14
1357,여성,65012,952.0,2021-05-13,2021-05-13
1358,남성,64621,939.0,2021-05-13,2021-05-13
1359,여성,64671,946.0,2021-05-12,2021-05-12
1360,남성,64247,938.0,2021-05-12,2021-05-12
1361,여성,64362,944.0,2021-05-11,2021-05-11
1362,남성,63921,935.0,2021-05-11,2021-05-11
1363,여성,64104,942.0,2021-05-10,2021-05-10
1364,남성,63668,933.0,2021-05-10,2021-05-10
1365,여성,63606,937.0,2021-05-08,2021-05-08
1366,남성,63139,928.0,2021-05-08,2021-05-08
1367,여성,63244,935.0,2021-05-07,2021-05-07
1368,남성,62800,925.0,2021-05-07,2021-05-07
1369,여성,62977,931.0,2021-05-06,2021-05-06
1370,남성,62542,920.0,2021-05-06,2021-05-06
1371,여성,62698,930.0,2021-05-05,2021-05-05
1372,남성,62247,917.0,2021-05-05,2021-05-05
1373,여성,62390,926.0,2021-05-04,2021-05-04
1374,남성,61879,914.0,2021-05-04,2021-05-04
1375,여성,62122,923.0,2021-05-03,2021-05-03
1376,남성,61606,911.0,2021-05-03,2021-05-03
1377,여성,61870,923.0,2021-05-02,2021-05-02
1378,남성,61370,910.0,2021-05-02,2021-05-02
1379,여성,61262,920.0,2021-04-30,2021-04-30
1380,남성,60745,908.0,2021-04-30,2021-04-30
1381,여성,60954,919.0,2021-04-29,2021-04-29
1382,남성,60397,906.0,2021-04-29,2021-04-29
1383,여성,60209,914.0,2021-04-27,2021-04-27
1384,남성,59689,906.0,2021-04-27,2021-04-27
1385,여성,59721,910.0,2021-04-25,2021-04-25
1386,남성,59166,903.0,2021-04-25,2021-04-25
1387,여성,59400,909.0,2021-04-24,2021-04-24
1388,남성,58843,903.0,2021-04-24,2021-04-24
1389,여성,59020,909.0,2021-04-23,2021-04-23
1390,남성,58438,902.0,2021-04-23,2021-04-23
1391,여성,58613,908.0,2021-04-22,2021-04-22
1392,남성,58048,900.0,2021-04-22,2021-04-22
1393,여성,58264,908.0,2021-04-21,2021-04-21
1394,남성,57662,898.0,2021-04-21,2021-04-21
1395,여성,57899,906.0,2021-04-20,2021-04-20
1396,남성,57296,896.0,2021-04-20,2021-04-20
1397,여성,57645,905.0,2021-04-19,2021-04-19
1398,남성,57001,896.0,2021-04-19,2021-04-19
1399,여성,57392,903.0,2021-04-18,2021-04-18
1400,남성,56723,894.0,2021-04-18,2021-04-18
1401,여성,57065,902.0,2021-04-17,2021-04-17
1402,남성,56379,892.0,2021-04-17,2021-04-17
1403,여성,56734,899.0,2021-04-16,2021-04-16
1404,남성,56055,891.0,2021-04-16,2021-04-16
1405,여성,56384,898.0,2021-04-15,2021-04-15
1406,남성,55733,890.0,2021-04-15,2021-04-15
1407,여성,56039,895.0,2021-04-14,2021-04-14
1408,남성,55380,887.0,2021-04-14,2021-04-14
1409,여성,55687,890.0,2021-04-13,2021-04-13
1410,남성,55001,885.0,2021-04-13,2021-04-13
1411,여성,55426,888.0,2021-04-12,2021-04-12
1412,남성,54720,882.0,2021-04-12,2021-04-12
1413,여성,55139,887.0,2021-04-11,2021-04-11
1414,남성,54420,881.0,2021-04-11,2021-04-11
1415,여성,54864,887.0,2021-04-10,2021-04-10
1416,남성,54081,878.0,2021-04-10,2021-04-10
1417,여성,54523,887.0,2021-04-09,2021-04-09
1418,남성,53746,877.0,2021-04-09,2021-04-09
1419,여성,54184,884.0,2021-04-08,2021-04-08
1420,남성,53414,874.0,2021-04-08,2021-04-08
1421,여성,53827,883.0,2021-04-07,2021-04-07
1422,남성,53071,873.0,2021-04-07,2021-04-07
1423,여성,53247,878.0,2021-04-05,2021-04-05
1424,남성,52505,870.0,2021-04-05,2021-04-05
1425,여성,53001,874.0,2021-04-04,2021-04-04
1426,남성,52278,870.0,2021-04-04,2021-04-04
1427,여성,52435,872.0,2021-04-02,2021-04-02
1428,남성,51759,865.0,2021-04-02,2021-04-02
1429,여성,52174,871.0,2021-04-01,2021-04-01
1430,남성,51465,864.0,2021-04-01,2021-04-01
1431,여성,51905,869.0,2021-03-31,2021-03-31
1432,남성,51183,862.0,2021-03-31,2021-03-31
1433,여성,51637,868.0,2021-03-30,2021-03-30
1434,남성,50945,861.0,2021-03-30,2021-03-30
1435,여성,51434,867.0,2021-03-29,2021-03-29
1436,남성,50707,859.0,2021-03-29,2021-03-29
1437,여성,51249,864.0,2021-03-28,2021-03-28
1438,남성,50508,858.0,2021-03-28,2021-03-28
1439,여성,51021,864.0,2021-03-27,2021-03-27
1440,남성,50254,857.0,2021-03-27,2021-03-27
1441,여성,50759,864.0,2021-03-26,2021-03-26
1442,남성,50011,852.0,2021-03-26,2021-03-26
1443,여성,50504,859.0,2021-03-25,2021-03-25
1444,남성,49772,850.0,2021-03-25,2021-03-25
1445,여성,50300,859.0,2021-03-24,2021-03-24
1446,남성,49546,848.0,2021-03-24,2021-03-24
1447,여성,50101,858.0,2021-03-23,2021-03-23
1448,남성,49320,846.0,2021-03-23,2021-03-23
1449,여성,49912,854.0,2021-03-22,2021-03-22
1450,남성,49163,843.0,2021-03-22,2021-03-22
1451,여성,49497,852.0,2021-03-20,2021-03-20
1452,남성,48712,841.0,2021-03-20,2021-03-20
1453,여성,49286,850.0,2021-03-19,2021-03-19
1454,남성,48471,840.0,2021-03-19,2021-03-19
1455,여성,49053,850.0,2021-03-18,2021-03-18
1456,남성,48241,838.0,2021-03-18,2021-03-18
1457,여성,48853,848.0,2021-03-17,2021-03-17
1458,남성,47996,838.0,2021-03-17,2021-03-17
1459,여성,48626,844.0,2021-03-16,2021-03-16
1460,남성,47754,834.0,2021-03-16,2021-03-16
1461,여성,48449,843.0,2021-03-15,2021-03-15
1462,남성,47568,832.0,2021-03-15,2021-03-15
1463,여성,48059,838.0,2021-03-13,2021-03-13
1464,남성,47117,829.0,2021-03-13,2021-03-13
1465,여성,47566,829.0,2021-03-11,2021-03-11
1466,남성,46632,823.0,2021-03-11,2021-03-11
1467,여성,47117,827.0,2021-03-09,2021-03-09
1468,남성,46146,818.0,2021-03-09,2021-03-09
1469,여성,46900,825.0,2021-03-08,2021-03-08
1470,남성,45917,817.0,2021-03-08,2021-03-08
1471,여성,46751,821.0,2021-03-07,2021-03-07
1472,남성,45720,813.0,2021-03-07,2021-03-07
1473,여성,46553,820.0,2021-03-06,2021-03-06
1474,남성,45502,812.0,2021-03-06,2021-03-06
1475,여성,46361,816.0,2021-03-05,2021-03-05
1476,남성,45277,811.0,2021-03-05,2021-03-05
1477,여성,46175,811.0,2021-03-04,2021-03-04
1478,남성,45065,808.0,2021-03-04,2021-03-04
1479,여성,45981,808.0,2021-03-03,2021-03-03
1480,남성,44835,804.0,2021-03-03,2021-03-03
1481,여성,45796,806.0,2021-03-02,2021-03-02
1482,남성,44576,800.0,2021-03-02,2021-03-02
1483,여성,45454,803.0,2021-02-28,2021-02-28
1484,남성,44222,800.0,2021-02-28,2021-02-28
1485,여성,45281,801.0,2021-02-27,2021-02-27
1486,남성,44040,794.0,2021-02-27,2021-02-27
1487,여성,45084,798.0,2021-02-26,2021-02-26
1488,남성,43838,787.0,2021-02-26,2021-02-26
1489,여성,44883,795.0,2021-02-25,2021-02-25
1490,남성,43633,786.0,2021-02-25,2021-02-25
1491,여성,44687,792.0,2021-02-24,2021-02-24
1492,남성,43433,784.0,2021-02-24,2021-02-24
1493,여성,44455,791.0,2021-02-23,2021-02-23
1494,남성,43226,782.0,2021-02-23,2021-02-23
1495,여성,44290,785.0,2021-02-22,2021-02-22
1496,남성,43034,777.0,2021-02-22,2021-02-22
1497,여성,43698,778.0,2021-02-19,2021-02-19
1498,남성,42430,772.0,2021-02-19,2021-02-19
1499,여성,43104,774.0,2021-02-17,2021-02-17
1500,남성,41842,764.0,2021-02-17,2021-02-17
1501,여성,42788,772.0,2021-02-16,2021-02-16
1502,남성,41537,762.0,2021-02-16,2021-02-16
1503,여성,42579,769.0,2021-02-15,2021-02-15
1504,남성,41290,758.0,2021-02-15,2021-02-15
1505,여성,42061,758.0,2021-02-12,2021-02-12
1506,남성,40776,749.0,2021-02-12,2021-02-12
1507,여성,41858,751.0,2021-02-11,2021-02-11
1508,남성,40576,745.0,2021-02-11,2021-02-11
1509,여성,41600,747.0,2021-02-10,2021-02-10
1510,남성,40330,739.0,2021-02-10,2021-02-10
1511,여성,41405,746.0,2021-02-09,2021-02-09
1512,남성,40082,736.0,2021-02-09,2021-02-09
1513,여성,41260,742.0,2021-02-08,2021-02-08
1514,남성,39925,732.0,2021-02-08,2021-02-08
1515,여성,40968,740.0,2021-02-06,2021-02-06
1516,남성,39556,724.0,2021-02-06,2021-02-06
1517,여성,40774,737.0,2021-02-05,2021-02-05
1518,남성,39357,722.0,2021-02-05,2021-02-05
1519,여성,40590,731.0,2021-02-04,2021-02-04
1520,남성,39172,717.0,2021-02-04,2021-02-04
1521,여성,40350,728.0,2021-02-03,2021-02-03
1522,남성,38961,713.0,2021-02-03,2021-02-03
1523,여성,40135,726.0,2021-02-02,2021-02-02
1524,남성,38709,709.0,2021-02-02,2021-02-02
1525,여성,39986,719.0,2021-02-01,2021-02-01
1526,남성,38522,706.0,2021-02-01,2021-02-01
1527,여성,39830,717.0,2021-01-31,2021-01-31
1528,남성,38375,703.0,2021-01-31,2021-01-31
1529,여성,39658,714.0,2021-01-30,2021-01-30
1530,남성,38192,700.0,2021-01-30,2021-01-30
1531,여성,39425,706.0,2021-01-29,2021-01-29
1532,남성,37970,693.0,2021-01-29,2021-01-29
1533,여성,39171,700.0,2021-01-28,2021-01-28
1534,남성,37755,686.0,2021-01-28,2021-01-28
1535,여성,38948,695.0,2021-01-27,2021-01-27
1536,남성,37481,683.0,2021-01-27,2021-01-27
1537,여성,38667,690.0,2021-01-26,2021-01-26
1538,남성,37208,681.0,2021-01-26,2021-01-26
1539,여성,38470,687.0,2021-01-25,2021-01-25
1540,남성,37051,673.0,2021-01-25,2021-01-25
1541,여성,6221,94.0,2021-01-24,2021-01-24
1542,남성,4163,106.0,2021-01-24,2021-01-24
1543,여성,38073,673.0,2021-01-23,2021-01-23
1544,남성,36619,664.0,2021-01-23,2021-01-23
1545,여성,37850,669.0,2021-01-22,2021-01-22
1546,남성,36412,659.0,2021-01-22,2021-01-22
1547,여성,37672,666.0,2021-01-21,2021-01-21
1548,남성,36246,650.0,2021-01-21,2021-01-21
1549,여성,37456,660.0,2021-01-20,2021-01-20
1550,남성,36062,640.0,2021-01-20,2021-01-20
1551,여성,37254,650.0,2021-01-19,2021-01-19
1552,남성,35861,633.0,2021-01-19,2021-01-19
1553,여성,37064,640.0,2021-01-18,2021-01-18
1554,남성,35665,624.0,2021-01-18,2021-01-18
1555,여성,36869,634.0,2021-01-18,2021-01-18
1556,남성,35471,615.0,2021-01-18,2021-01-18
1557,여성,34715,553.0,2021-01-17,2021-01-17
1558,남성,33284,547.0,2021-01-17,2021-01-17
1559,여성,36604,630.0,2021-01-16,2021-01-16
1560,남성,35216,606.0,2021-01-16,2021-01-16
1561,여성,36304,620.0,2021-01-15,2021-01-15
1562,남성,34937,597.0,2021-01-15,2021-01-15
1563,여성,36051,608.0,2021-01-14,2021-01-14
1564,남성,34677,587.0,2021-01-14,2021-01-14
1565,여성,35801,603.0,2021-01-13,2021-01-13
1566,남성,34411,582.0,2021-01-13,2021-01-13
1567,여성,35516,593.0,2021-01-12,2021-01-12
1568,남성,34135,572.0,2021-01-12,2021-01-12
1569,여성,35247,578.0,2021-01-11,2021-01-11
1570,남성,33867,562.0,2021-01-11,2021-01-11
1571,여성,35037,567.0,2021-01-10,2021-01-10
1572,남성,33627,558.0,2021-01-10,2021-01-10
1573,여성,34715,553.0,2021-01-09,2021-01-09
1574,남성,33284,547.0,2021-01-09,2021-01-09
1575,여성,34396,541.0,2021-01-08,2021-01-08
1576,남성,32962,540.0,2021-01-08,2021-01-08
1577,여성,34043,521.0,2021-01-07,2021-01-07
1578,남성,32643,525.0,2021-01-07,2021-01-07
1579,여성,33633,513.0,2021-01-06,2021-01-06
1580,남성,32185,514.0,2021-01-06,2021-01-06
1581,여성,33200,500.0,2021-01-05,2021-01-05
1582,남성,31779,507.0,2021-01-05,2021-01-05
1583,여성,32841,490.0,2021-01-04,2021-01-04
1584,남성,31423,491.0,2021-01-04,2021-01-04
1585,여성,32357,479.0,2021-01-03,2021-01-03
1586,남성,30887,483.0,2021-01-03,2021-01-03
1587,여성,32002,473.0,2021-01-02,2021-01-02
1588,남성,30591,469.0,2021-01-02,2021-01-02
1589,여성,31600,458.0,2021-01-01,2021-01-01
1590,남성,30169,459.0,2021-01-01,2021-01-01
1591,여성,31128,452.0,2020-12-31,2020-12-31
1592,남성,29612,448.0,2020-12-31,2020-12-31
1593,여성,30666,441.0,2020-12-30,2020-12-30
1594,남성,29107,438.0,2020-12-30,2020-12-30
1595,여성,30138,430.0,2020-12-29,2020-12-29
1596,남성,28587,429.0,2020-12-29,2020-12-29
1597,여성,29714,403.0,2020-12-28,2020-12-28
1598,남성,27966,416.0,2020-12-28,2020-12-28
1599,여성,29301,397.0,2020-12-27,2020-12-27
1600,남성,27571,411.0,2020-12-27,2020-12-27
1601,여성,28802,389.0,2020-12-26,2020-12-26
1602,남성,27100,404.0,2020-12-26,2020-12-26
1603,여성,28235,383.0,2020-12-25,2020-12-25
1604,남성,26535,390.0,2020-12-25,2020-12-25
1605,여성,26708,357.0,2020-12-22,2020-12-22
1606,남성,24752,365.0,2020-12-22,2020-12-22
1607,여성,26262,340.0,2020-12-21,2020-12-21
1608,남성,24329,358.0,2020-12-21,2020-12-21
1609,여성,25797,329.0,2020-12-20,2020-12-20
1610,남성,23868,345.0,2020-12-20,2020-12-20
1611,여성,24744,309.0,2020-12-18,2020-12-18
1612,남성,22771,336.0,2020-12-18,2020-12-18
1613,여성,24166,303.0,2020-12-17,2020-12-17
1614,남성,22287,331.0,2020-12-17,2020-12-17
1615,여성,23628,295.0,2020-12-16,2020-12-16
1616,남성,21814,317.0,2020-12-16,2020-12-16
1617,여성,23106,292.0,2020-12-15,2020-12-15
1618,남성,21258,308.0,2020-12-15,2020-12-15
1619,여성,22641,285.0,2020-12-14,2020-12-14
1620,남성,20843,302.0,2020-12-14,2020-12-14
1621,여성,22253,283.0,2020-12-13,2020-12-13
1622,남성,20513,297.0,2020-12-13,2020-12-13
1623,여성,21707,283.0,2020-12-12,2020-12-12
1624,남성,20029,295.0,2020-12-12,2020-12-12
1625,여성,21193,280.0,2020-12-11,2020-12-11
1626,남성,19593,292.0,2020-12-11,2020-12-11
1627,여성,20841,275.0,2020-12-10,2020-12-10
1628,남성,19257,289.0,2020-12-10,2020-12-10
1629,여성,20518,269.0,2020-12-09,2020-12-09
1630,남성,18914,287.0,2020-12-09,2020-12-09
1631,여성,20176,267.0,2020-12-08,2020-12-08
1632,남성,18579,285.0,2020-12-08,2020-12-08
1633,여성,19856,265.0,2020-12-07,2020-12-07
1634,남성,18305,284.0,2020-12-07,2020-12-07
1635,여성,19247,260.0,2020-12-05,2020-12-05
1636,남성,17668,280.0,2020-12-05,2020-12-05
1637,여성,18952,257.0,2020-12-04,2020-12-04
1638,남성,17380,279.0,2020-12-04,2020-12-04
1639,여성,18611,253.0,2020-12-03,2020-12-03
1640,남성,17092,276.0,2020-12-03,2020-12-03
1641,여성,18344,251.0,2020-12-02,2020-12-02
1642,남성,16819,275.0,2020-12-02,2020-12-02
1643,여성,18095,251.0,2020-12-01,2020-12-01
1644,남성,16557,275.0,2020-12-01,2020-12-01
1645,여성,17878,251.0,2020-11-30,2020-11-30
1646,남성,16323,275.0,2020-11-30,2020-11-30
1647,여성,17657,249.0,2020-11-29,2020-11-29
1648,남성,16167,274.0,2020-11-29,2020-11-29
1649,여성,17441,249.0,2020-11-28,2020-11-28
1650,남성,15934,273.0,2020-11-28,2020-11-28
1651,여성,17199,245.0,2020-11-27,2020-11-27
1652,남성,15688,271.0,2020-11-27,2020-11-27
1653,여성,16942,244.0,2020-11-26,2020-11-26
1654,남성,15376,271.0,2020-11-26,2020-11-26
1655,여성,16656,244.0,2020-11-25,2020-11-25
1656,남성,15079,269.0,2020-11-25,2020-11-25
1657,여성,16480,242.0,2020-11-24,2020-11-24
1658,남성,14873,268.0,2020-11-24,2020-11-24
1659,여성,16321,242.0,2020-11-23,2020-11-23
1660,남성,14683,267.0,2020-11-23,2020-11-23
1661,여성,16178,240.0,2020-11-22,2020-11-22
1662,남성,14555,265.0,2020-11-22,2020-11-22
1663,여성,16021,239.0,2020-11-21,2020-11-21
1664,남성,14382,264.0,2020-11-21,2020-11-21
1665,여성,15845,238.0,2020-11-20,2020-11-20
1666,남성,14172,263.0,2020-11-20,2020-11-20
1667,여성,15673,236.0,2020-11-19,2020-11-19
1668,남성,13981,262.0,2020-11-19,2020-11-19
1669,여성,15511,235.0,2020-11-18,2020-11-18
1670,남성,13800,261.0,2020-11-18,2020-11-18
1671,여성,15382,234.0,2020-11-17,2020-11-17
1672,남성,13616,260.0,2020-11-17,2020-11-17
1673,여성,15270,234.0,2020-11-16,2020-11-16
1674,남성,13499,260.0,2020-11-16,2020-11-16
1675,여성,14957,231.0,2020-11-13,2020-11-13
1676,남성,13176,257.0,2020-11-13,2020-11-13
1677,여성,14857,230.0,2020-11-12,2020-11-12
1678,남성,13085,257.0,2020-11-12,2020-11-12
1679,여성,14791,230.0,2020-11-11,2020-11-11
1680,남성,13008,257.0,2020-11-11,2020-11-11
1681,여성,14713,230.0,2020-11-10,2020-11-10
1682,남성,12940,255.0,2020-11-10,2020-11-10
1683,여성,14669,228.0,2020-11-09,2020-11-09
1684,남성,12884,252.0,2020-11-09,2020-11-09
1685,여성,14600,226.0,2020-11-08,2020-11-08
1686,남성,12827,252.0,2020-11-08,2020-11-08
1687,여성,14494,225.0,2020-11-06,2020-11-06
1688,남성,12701,251.0,2020-11-06,2020-11-06
1689,여성,14494,225.0,2020-11-06,2020-11-06
1690,남성,12701,251.0,2020-11-06,2020-11-06
1691,여성,14423,225.0,2020-11-05,2020-11-05
1692,남성,12627,250.0,2020-11-05,2020-11-05
1693,여성,14361,225.0,2020-11-04,2020-11-04
1694,남성,12564,249.0,2020-11-04,2020-11-04
1695,여성,14304,223.0,2020-11-03,2020-11-03
1696,남성,12503,249.0,2020-11-03,2020-11-03
1697,여성,14272,219.0,2020-11-02,2020-11-02
1698,남성,12460,249.0,2020-11-02,2020-11-02
1699,여성,14159,216.0,2020-10-31,2020-10-31
1700,남성,12352,248.0,2020-10-31,2020-10-31
1701,여성,14096,215.0,2020-10-30,2020-10-30
1702,남성,12289,248.0,2020-10-30,2020-10-30
1703,여성,14036,215.0,2020-10-29,2020-10-29
1704,남성,12235,247.0,2020-10-29,2020-10-29
1705,여성,13979,214.0,2020-10-28,2020-10-28
1706,남성,12167,247.0,2020-10-28,2020-10-28
1707,여성,13922,214.0,2020-10-27,2020-10-27
1708,남성,12121,246.0,2020-10-27,2020-10-27
1709,여성,13875,213.0,2020-10-26,2020-10-26
1710,남성,12080,244.0,2020-10-26,2020-10-26
1711,여성,13807,213.0,2020-10-25,2020-10-25
1712,남성,12029,244.0,2020-10-25,2020-10-25
1713,여성,13772,213.0,2020-10-24,2020-10-24
1714,남성,12003,244.0,2020-10-24,2020-10-24
1715,여성,13736,213.0,2020-10-23,2020-10-23
1716,남성,11962,242.0,2020-10-23,2020-10-23
1717,여성,13654,212.0,2020-10-22,2020-10-22
1718,남성,11889,241.0,2020-10-22,2020-10-22
1719,여성,13594,210.0,2020-10-21,2020-10-21
1720,남성,11830,240.0,2020-10-21,2020-10-21
1721,여성,13550,210.0,2020-10-20,2020-10-20
1722,남성,11783,237.0,2020-10-20,2020-10-20
1723,여성,13530,209.0,2020-10-19,2020-10-19
1724,남성,11745,235.0,2020-10-19,2020-10-19
1725,여성,13488,209.0,2020-10-18,2020-10-18
1726,남성,11711,235.0,2020-10-18,2020-10-18
1727,여성,13399,207.0,2020-10-16,2020-10-16
1728,남성,11636,234.0,2020-10-16,2020-10-16
1729,여성,13373,206.0,2020-10-15,2020-10-15
1730,남성,11615,233.0,2020-10-15,2020-10-15
1731,여성,13295,205.0,2020-10-14,2020-10-14
1732,남성,11594,233.0,2020-10-14,2020-10-14
1733,여성,13262,202.0,2020-10-13,2020-10-13
1734,남성,11543,232.0,2020-10-13,2020-10-13
1735,여성,13183,201.0,2020-10-11,2020-10-11
1736,남성,11423,231.0,2020-10-11,2020-10-11
1737,여성,13159,200.0,2020-10-10,2020-10-10
1738,남성,11389,230.0,2020-10-10,2020-10-10
1739,여성,13071,198.0,2020-10-07,2020-10-07
1740,남성,11282,227.0,2020-10-07,2020-10-07
1741,여성,13010,196.0,2020-10-06,2020-10-06
1742,남성,11229,226.0,2020-10-06,2020-10-06
1743,여성,12985,196.0,2020-10-05,2020-10-05
1744,남성,11179,226.0,2020-10-05,2020-10-05
1745,여성,12959,196.0,2020-10-04,2020-10-04
1746,남성,11132,225.0,2020-10-04,2020-10-04
1747,여성,12935,196.0,2020-10-03,2020-10-03
1748,남성,11092,224.0,2020-10-03,2020-10-03
1749,여성,12907,196.0,2020-10-02,2020-10-02
1750,남성,11045,220.0,2020-10-02,2020-10-02
1751,여성,12882,196.0,2020-10-01,2020-10-01
1752,남성,11007,219.0,2020-10-01,2020-10-01
1753,여성,12848,196.0,2020-09-30,2020-09-30
1754,남성,10964,217.0,2020-09-30,2020-09-30
1755,여성,12812,191.0,2020-09-29,2020-09-29
1756,남성,10887,216.0,2020-09-29,2020-09-29
1757,여성,12801,190.0,2020-09-28,2020-09-28
1758,남성,10860,216.0,2020-09-28,2020-09-28
1759,여성,12777,188.0,2020-09-27,2020-09-27
1760,남성,10834,213.0,2020-09-27,2020-09-27
1761,여성,12724,188.0,2020-09-26,2020-09-26
1762,남성,10792,211.0,2020-09-26,2020-09-26
1763,여성,12688,187.0,2020-09-25,2020-09-25
1764,남성,10767,208.0,2020-09-25,2020-09-25
1765,여성,12628,186.0,2020-09-24,2020-09-24
1766,남성,10713,207.0,2020-09-24,2020-09-24
1767,여성,12568,185.0,2020-09-23,2020-09-23
1768,남성,10648,203.0,2020-09-23,2020-09-23
1769,여성,12517,185.0,2020-09-22,2020-09-22
1770,남성,10589,203.0,2020-09-22,2020-09-22
1771,여성,12493,183.0,2020-09-21,2020-09-21
1772,남성,10552,202.0,2020-09-21,2020-09-21
1773,여성,12425,179.0,2020-09-20,2020-09-20
1774,남성,10468,199.0,2020-09-20,2020-09-20
1775,여성,12425,179.0,2020-09-19,2020-09-19
1776,남성,10468,199.0,2020-09-19,2020-09-19
1777,여성,12360,179.0,2020-09-18,2020-09-18
1778,남성,10423,198.0,2020-09-18,2020-09-18
1779,여성,12212,175.0,2020-09-16,2020-09-16
1780,남성,10292,192.0,2020-09-16,2020-09-16
1781,여성,12166,175.0,2020-09-15,2020-09-15
1782,남성,10225,192.0,2020-09-15,2020-09-15
1783,여성,12108,173.0,2020-09-14,2020-09-14
1784,남성,10177,190.0,2020-09-14,2020-09-14
1785,여성,11992,169.0,2020-09-12,2020-09-12
1786,남성,10063,186.0,2020-09-12,2020-09-12
1787,여성,11937,165.0,2020-09-11,2020-09-11
1788,남성,9982,185.0,2020-09-11,2020-09-11
1789,여성,11838,163.0,2020-09-10,2020-09-10
1790,남성,9905,183.0,2020-09-10,2020-09-10
1791,여성,11759,162.0,2020-09-09,2020-09-09
1792,남성,9829,182.0,2020-09-09,2020-09-09
1793,여성,11679,160.0,2020-09-08,2020-09-08
1794,남성,9753,181.0,2020-09-08,2020-09-08
1795,여성,11616,158.0,2020-09-07,2020-09-07
1796,남성,9680,178.0,2020-09-07,2020-09-07
1797,여성,11563,158.0,2020-09-06,2020-09-06
1798,남성,9614,176.0,2020-09-06,2020-09-06
1799,여성,11475,157.0,2020-09-05,2020-09-05
1800,남성,9535,176.0,2020-09-05,2020-09-05
1801,여성,11389,156.0,2020-09-04,2020-09-04
1802,남성,9453,175.0,2020-09-04,2020-09-04
1803,여성,11285,155.0,2020-09-03,2020-09-03
1804,남성,9359,174.0,2020-09-03,2020-09-03
1805,여성,11177,153.0,2020-09-02,2020-09-02
1806,남성,9272,173.0,2020-09-02,2020-09-02
1807,여성,11043,152.0,2020-09-01,2020-09-01
1808,남성,9139,172.0,2020-09-01,2020-09-01
1809,여성,10922,152.0,2020-08-31,2020-08-31
1810,남성,9025,172.0,2020-08-31,2020-08-31
1811,여성,10788,151.0,2020-08-30,2020-08-30
1812,남성,8911,172.0,2020-08-30,2020-08-30
1813,여성,10643,151.0,2020-08-29,2020-08-29
1814,남성,8757,170.0,2020-08-29,2020-08-29
1815,여성,10461,149.0,2020-08-28,2020-08-28
1816,남성,8616,167.0,2020-08-28,2020-08-28
1817,여성,10265,148.0,2020-08-27,2020-08-27
1818,남성,8441,165.0,2020-08-27,2020-08-27
1819,여성,10031,147.0,2020-08-26,2020-08-26
1820,남성,8234,165.0,2020-08-26,2020-08-26
1821,여성,9856,146.0,2020-08-25,2020-08-25
1822,남성,8089,164.0,2020-08-25,2020-08-25
1823,여성,9713,146.0,2020-08-24,2020-08-24
1824,남성,7952,163.0,2020-08-24,2020-08-24
1825,여성,9565,146.0,2020-08-23,2020-08-23
1826,남성,7834,163.0,2020-08-23,2020-08-23
1827,여성,9325,146.0,2020-08-22,2020-08-22
1828,남성,7677,163.0,2020-08-22,2020-08-22
1829,여성,9138,146.0,2020-08-21,2020-08-21
1830,남성,7532,163.0,2020-08-21,2020-08-21
1831,여성,8962,144.0,2020-08-20,2020-08-20
1832,남성,7384,163.0,2020-08-20,2020-08-20
1833,여성,8807,143.0,2020-08-19,2020-08-19
1834,남성,7251,163.0,2020-08-19,2020-08-19
1835,여성,8619,143.0,2020-08-18,2020-08-18
1836,남성,7142,163.0,2020-08-18,2020-08-18
1837,여성,8463,143.0,2020-08-17,2020-08-17
1838,남성,7052,162.0,2020-08-17,2020-08-17
1839,여성,8341,143.0,2020-08-16,2020-08-16
1840,남성,6977,162.0,2020-08-16,2020-08-16
1841,여성,8164,143.0,2020-08-15,2020-08-15
1842,남성,6875,162.0,2020-08-15,2020-08-15
1843,여성,8068,143.0,2020-08-14,2020-08-14
1844,남성,6805,162.0,2020-08-14,2020-08-14
1845,여성,8016,143.0,2020-08-13,2020-08-13
1846,남성,6754,162.0,2020-08-13,2020-08-13
1847,여성,7991,143.0,2020-08-12,2020-08-12
1848,남성,6723,162.0,2020-08-12,2020-08-12
1849,여성,7971,143.0,2020-08-11,2020-08-11
1850,남성,6689,162.0,2020-08-11,2020-08-11
1851,여성,7957,143.0,2020-08-10,2020-08-10
1852,남성,6669,162.0,2020-08-10,2020-08-10
1853,여성,7943,143.0,2020-08-09,2020-08-09
1854,남성,6655,162.0,2020-08-09,2020-08-09
1855,여성,7924,143.0,2020-08-08,2020-08-08
1856,남성,6638,161.0,2020-08-08,2020-08-08
1857,여성,7904,143.0,2020-08-07,2020-08-07
1858,남성,6615,160.0,2020-08-07,2020-08-07
1859,여성,7897,142.0,2020-08-06,2020-08-06
1860,남성,6602,160.0,2020-08-06,2020-08-06
1861,여성,7888,142.0,2020-08-05,2020-08-05
1862,남성,6568,160.0,2020-08-05,2020-08-05
1863,여성,7878,141.0,2020-08-04,2020-08-04
1864,남성,6545,160.0,2020-08-04,2020-08-04
1865,여성,7867,141.0,2020-08-03,2020-08-03
1866,남성,6522,160.0,2020-08-03,2020-08-03
1867,여성,7859,94.0,2020-08-02,2020-08-02
1868,남성,6507,106.0,2020-08-02,2020-08-02
1869,여성,7850,141.0,2020-08-01,2020-08-01
1870,남성,6486,160.0,2020-08-01,2020-08-01
1871,여성,7842,141.0,2020-07-31,2020-07-31
1872,남성,6463,160.0,2020-07-31,2020-07-31
1873,여성,7830,141.0,2020-07-30,2020-07-30
1874,남성,6439,159.0,2020-07-30,2020-07-30
1875,여성,7825,141.0,2020-07-29,2020-07-29
1876,남성,6426,159.0,2020-07-29,2020-07-29
1877,여성,7809,141.0,2020-07-28,2020-07-28
1878,남성,6394,159.0,2020-07-28,2020-07-28
1879,여성,7803,141.0,2020-07-27,2020-07-27
1880,남성,6372,158.0,2020-07-27,2020-07-27
1881,여성,7790,140.0,2020-07-26,2020-07-26
1882,남성,6360,158.0,2020-07-26,2020-07-26
1883,여성,7781,140.0,2020-07-25,2020-07-25
1884,남성,6311,158.0,2020-07-25,2020-07-25
1885,여성,7764,140.0,2020-07-24,2020-07-24
1886,남성,6215,158.0,2020-07-24,2020-07-24
1887,여성,7746,140.0,2020-07-23,2020-07-23
1888,남성,6192,157.0,2020-07-23,2020-07-23
1889,여성,7726,140.0,2020-07-22,2020-07-22
1890,남성,6153,157.0,2020-07-22,2020-07-22
1891,여성,7702,140.0,2020-07-21,2020-07-21
1892,남성,6114,156.0,2020-07-21,2020-07-21
1893,여성,7682,140.0,2020-07-20,2020-07-20
1894,남성,6089,156.0,2020-07-20,2020-07-20
1895,여성,7675,140.0,2020-07-19,2020-07-19
1896,남성,6070,155.0,2020-07-19,2020-07-19
1897,여성,7662,139.0,2020-07-18,2020-07-18
1898,남성,6049,155.0,2020-07-18,2020-07-18
1899,여성,7646,139.0,2020-07-17,2020-07-17
1900,남성,6026,154.0,2020-07-17,2020-07-17
1901,여성,7601,137.0,2020-07-16,2020-07-16
1902,남성,5911,154.0,2020-07-16,2020-07-16
1903,여성,7607,136.0,2020-07-15,2020-07-15
1904,남성,5944,153.0,2020-07-15,2020-07-15
1905,여성,7601,136.0,2020-07-14,2020-07-14
1906,남성,5911,153.0,2020-07-14,2020-07-14
1907,여성,7584,136.0,2020-07-13,2020-07-13
1908,남성,5895,153.0,2020-07-13,2020-07-13
1909,여성,7561,136.0,2020-07-12,2020-07-12
1910,남성,5856,153.0,2020-07-12,2020-07-12
1911,여성,7549,135.0,2020-07-11,2020-07-11
1912,남성,5824,153.0,2020-07-11,2020-07-11
1913,여성,7536,135.0,2020-07-10,2020-07-10
1914,남성,5802,153.0,2020-07-10,2020-07-10
1915,여성,7527,134.0,2020-07-09,2020-07-09
1916,남성,5766,153.0,2020-07-09,2020-07-09
1917,여성,7506,133.0,2020-07-08,2020-07-08
1918,남성,5738,152.0,2020-07-08,2020-07-08
1919,여성,7478,133.0,2020-07-07,2020-07-07
1920,남성,5703,152.0,2020-07-07,2020-07-07
1921,여성,7455,133.0,2020-07-06,2020-07-06
1922,남성,5682,151.0,2020-07-06,2020-07-06
1923,여성,7434,132.0,2020-07-05,2020-07-05
1924,남성,5657,151.0,2020-07-05,2020-07-05
1925,여성,7405,132.0,2020-07-04,2020-07-04
1926,남성,5625,151.0,2020-07-04,2020-07-04
1927,여성,7380,131.0,2020-07-03,2020-07-03
1928,남성,5587,151.0,2020-07-03,2020-07-03
1929,여성,7349,131.0,2020-07-02,2020-07-02
1930,남성,5555,151.0,2020-07-02,2020-07-02
1931,여성,7305,131.0,2020-07-01,2020-07-01
1932,남성,5495,151.0,2020-07-01,2020-07-01
1933,여성,7305,131.0,2020-06-30,2020-06-30
1934,남성,5495,151.0,2020-06-30,2020-06-30
1935,여성,7287,131.0,2020-06-29,2020-06-29
1936,남성,5470,151.0,2020-06-29,2020-06-29
1937,여성,7265,131.0,2020-06-28,2020-06-28
1938,남성,5450,151.0,2020-06-28,2020-06-28
1939,여성,7241,131.0,2020-06-27,2020-06-27
1940,남성,5412,151.0,2020-06-27,2020-06-27
1941,여성,7218,131.0,2020-06-26,2020-06-26
1942,남성,5384,151.0,2020-06-26,2020-06-26
1943,여성,7203,131.0,2020-06-25,2020-06-25
1944,남성,5360,151.0,2020-06-25,2020-06-25
1945,여성,7190,131.0,2020-06-24,2020-06-24
1946,남성,5345,150.0,2020-06-24,2020-06-24
1947,여성,7170,151.0,2020-06-23,2020-06-23
1948,남성,5314,150.0,2020-06-23,2020-06-23
1949,여성,7159,130.0,2020-06-22,2020-06-22
1950,남성,5279,150.0,2020-06-22,2020-06-22
1951,여성,7151,130.0,2020-06-21,2020-06-21
1952,남성,5270,150.0,2020-06-21,2020-06-21
1953,여성,7128,130.0,2020-06-20,2020-06-20
1954,남성,5245,150.0,2020-06-20,2020-06-20
1955,여성,7100,130.0,2020-06-19,2020-06-19
1956,남성,5206,150.0,2020-06-19,2020-06-19
1957,여성,7076,130.0,2020-06-18,2020-06-18
1958,남성,5181,150.0,2020-06-18,2020-06-18
1959,여성,7042,130.0,2020-06-17,2020-06-17
1960,남성,5156,149.0,2020-06-17,2020-06-17
1961,여성,7017,130.0,2020-06-16,2020-06-16
1962,남성,5138,148.0,2020-06-16,2020-06-16
1963,여성,6988,130.0,2020-06-14,2020-06-14
1964,남성,5097,147.0,2020-06-14,2020-06-14
1965,여성,6970,130.0,2020-06-13,2020-06-13
1966,남성,5081,147.0,2020-06-13,2020-06-13
1967,여성,6917,129.0,2020-06-12,2020-06-12
1968,남성,5030,147.0,2020-06-12,2020-06-12
1969,여성,6917,129.0,2020-06-11,2020-06-11
1970,남성,5030,147.0,2020-06-11,2020-06-11
1971,여성,6900,129.0,2020-06-10,2020-06-10
1972,남성,5002,147.0,2020-06-10,2020-06-10
1973,여성,6872,128.0,2020-06-09,2020-06-09
1974,남성,4980,146.0,2020-06-09,2020-06-09
1975,여성,6852,128.0,2020-06-08,2020-06-08
1976,남성,4962,145.0,2020-06-08,2020-06-08
1977,여성,6826,128.0,2020-06-07,2020-06-07
1978,남성,4950,145.0,2020-06-07,2020-06-07
1979,여성,6799,128.0,2020-06-06,2020-06-06
1980,남성,4920,145.0,2020-06-06,2020-06-06
1981,여성,6775,128.0,2020-06-05,2020-06-05
1982,남성,4893,145.0,2020-06-05,2020-06-05
1983,여성,6757,128.0,2020-06-04,2020-06-04
1984,남성,4872,145.0,2020-06-04,2020-06-04
1985,여성,6738,128.0,2020-06-03,2020-06-03
1986,남성,4852,145.0,2020-06-03,2020-06-03
1987,여성,6712,128.0,2020-06-02,2020-06-02
1988,남성,4829,144.0,2020-06-02,2020-06-02
1989,여성,6673,127.0,2020-05-31,2020-05-31
1990,남성,4795,143.0,2020-05-31,2020-05-31
1991,여성,6661,127.0,2020-05-30,2020-05-30
1992,남성,4780,142.0,2020-05-30,2020-05-30
1993,여성,6643,127.0,2020-05-29,2020-05-29
1994,남성,4759,142.0,2020-05-29,2020-05-29
1995,여성,6617,127.0,2020-05-28,2020-05-28
1996,남성,4727,142.0,2020-05-28,2020-05-28
1997,여성,6585,127.0,2020-05-27,2020-05-27
1998,남성,4680,142.0,2020-05-27,2020-05-27
1999,여성,6561,127.0,2020-05-26,2020-05-26
2000,남성,4664,142.0,2020-05-26,2020-05-26
2001,여성,6555,126.0,2020-05-25,2020-05-25
2002,남성,4651,141.0,2020-05-25,2020-05-25
2003,여성,6547,126.0,2020-05-24,2020-05-24
2004,남성,4643,140.0,2020-05-24,2020-05-24
2005,여성,6537,126.0,2020-05-23,2020-05-23
2006,남성,4628,140.0,2020-05-23,2020-05-23
2007,여성,6521,126.0,2020-05-21,2020-05-21
2008,남성,4601,138.0,2020-05-21,2020-05-21
2009,여성,6518,126.0,2020-05-20,2020-05-20
2010,남성,4592,137.0,2020-05-20,2020-05-20
2011,여성,6509,126.0,2020-05-19,2020-05-19
2012,남성,4569,137.0,2020-05-19,2020-05-19
2013,여성,6505,126.0,2020-05-18,2020-05-18
2014,남성,4560,137.0,2020-05-18,2020-05-18
2015,여성,6501,126.0,2020-05-17,2020-05-17
2016,남성,4549,136.0,2020-05-17,2020-05-17
2017,여성,6493,126.0,2020-05-16,2020-05-16
2018,남성,4544,136.0,2020-05-16,2020-05-16
2019,여성,6486,125.0,2020-05-15,2020-05-15
2020,남성,4532,135.0,2020-05-15,2020-05-15
2021,여성,6475,125.0,2020-05-14,2020-05-14
2022,남성,4516,135.0,2020-05-14,2020-05-14
2023,여성,6463,125.0,2020-05-13,2020-05-13
2024,남성,4499,134.0,2020-05-13,2020-05-13
2025,여성,6455,125.0,2020-05-12,2020-05-12
2026,남성,4481,133.0,2020-05-12,2020-05-12
2027,여성,6448,123.0,2020-05-11,2020-05-11
2028,남성,4461,133.0,2020-05-11,2020-05-11
2029,여성,6444,123.0,2020-05-10,2020-05-10
2030,남성,4430,133.0,2020-05-10,2020-05-10
2031,여성,6434,123.0,2020-05-09,2020-05-09
2032,남성,4406,133.0,2020-05-09,2020-05-09
2033,여성,6433,123.0,2020-05-08,2020-05-08
2034,남성,4389,133.0,2020-05-08,2020-05-08
2035,여성,6428,123.0,2020-05-07,2020-05-07
2036,남성,4382,133.0,2020-05-07,2020-05-07
2037,여성,6427,123.0,2020-05-06,2020-05-06
2038,남성,4379,132.0,2020-05-06,2020-05-06
2039,여성,6427,123.0,2020-05-05,2020-05-05
2040,남성,4377,131.0,2020-05-05,2020-05-05
2041,여성,6426,121.0,2020-05-04,2020-05-04
2042,남성,4375,131.0,2020-05-04,2020-05-04
2043,여성,6424,120.0,2020-05-03,2020-05-03
2044,남성,4369,130.0,2020-05-03,2020-05-03
2045,여성,6418,120.0,2020-05-02,2020-05-02
2046,남성,4362,130.0,2020-05-02,2020-05-02
2047,여성,6418,118.0,2020-05-01,2020-05-01
2048,남성,4356,130.0,2020-05-01,2020-05-01
2049,여성,6413,117.0,2020-04-30,2020-04-30
2050,남성,4352,130.0,2020-04-30,2020-04-30
2051,여성,6413,117.0,2020-04-29,2020-04-29
2052,남성,4348,129.0,2020-04-29,2020-04-29
2053,여성,6408,116.0,2020-04-28,2020-04-28
2054,남성,4344,128.0,2020-04-28,2020-04-28
2055,여성,6401,116.0,2020-04-27,2020-04-27
2056,남성,4337,127.0,2020-04-27,2020-04-27
2057,여성,6395,115.0,2020-04-26,2020-04-26
2058,남성,4333,127.0,2020-04-26,2020-04-26
2059,여성,6391,113.0,2020-04-25,2020-04-25
2060,남성,4327,127.0,2020-04-25,2020-04-25
2061,여성,6385,113.0,2020-04-24,2020-04-24
2062,남성,4323,127.0,2020-04-24,2020-04-24
2063,여성,6384,113.0,2020-04-23,2020-04-23
2064,남성,4318,127.0,2020-04-23,2020-04-23
2065,여성,6380,112.0,2020-04-22,2020-04-22
2066,남성,4314,126.0,2020-04-22,2020-04-22
2067,여성,6375,112.0,2020-04-21,2020-04-21
2068,남성,4308,125.0,2020-04-21,2020-04-21
2069,여성,6372,111.0,2020-04-20,2020-04-20
2070,남성,4302,125.0,2020-04-20,2020-04-20
2071,여성,6364,110.0,2020-04-19,2020-04-19
2072,남성,4297,124.0,2020-04-19,2020-04-19
2073,여성,6364,110.0,2020-04-19,2020-04-19
2074,남성,4297,124.0,2020-04-19,2020-04-19
2075,여성,6360,108.0,2020-04-18,2020-04-18
2076,남성,4293,124.0,2020-04-18,2020-04-18
2077,여성,6349,108.0,2020-04-17,2020-04-17
2078,남성,4286,122.0,2020-04-17,2020-04-17
2079,여성,6341,107.0,2020-04-16,2020-04-16
2080,남성,4272,122.0,2020-04-16,2020-04-16
2081,여성,6341,107.0,2020-04-16,2020-04-16
2082,남성,4272,122.0,2020-04-16,2020-04-16
2083,여성,6325,107.0,2020-04-15,2020-04-15
2084,남성,4266,118.0,2020-04-15,2020-04-15
2085,여성,6308,106.0,2020-04-14,2020-04-14
2086,남성,4256,116.0,2020-04-14,2020-04-14
2087,여성,6294,102.0,2020-04-13,2020-04-13
2088,남성,4243,115.0,2020-04-13,2020-04-13
2089,여성,6283,101.0,2020-04-12,2020-04-12
2090,남성,4229,113.0,2020-04-12,2020-04-12
2091,여성,6265,100.0,2020-04-11,2020-04-11
2092,남성,4215,111.0,2020-04-11,2020-04-11
2093,여성,6250,99.0,2020-04-10,2020-04-10
2094,남성,4200,109.0,2020-04-10,2020-04-10
2095,여성,6238,97.0,2020-04-09,2020-04-09
2096,남성,4185,107.0,2020-04-09,2020-04-09
2097,여성,6221,94.0,2020-04-08,2020-04-08
2098,남성,4163,106.0,2020-04-08,2020-04-08
2099,여성,6221,94.0,2020-04-08,2020-04-08
2100,남성,4163,106.0,2020-04-08,2020-04-08
2101,여성,6221,94.0,2020-04-08,2020-04-08
2102,남성,4163,106.0,2020-04-08,2020-04-08
2103,여성,6221,94.0,2020-04-08,2020-04-08
2104,남성,4163,106.0,2020-04-08,2020-04-08
2105,여성,6221,94.0,2020-04-08,2020-04-08
2106,남성,4163,106.0,2020-04-08,2020-04-08
2107,여성,6193,91.0,2020-04-07,2020-04-07
2108,남성,4138,101.0,2020-04-07,2020-04-07
2109,여성,5881,80.0,2020-04-02,2020-04-02
2110,남성,3905,82.0,2020-04-02,2020-04-02
